

CREATE TABLE lote (
  Id_Lote int NOT NULL,
  Nombre_Lote varchar(50)  NOT NULL,
  Municipio_Lote int NOT NULL
) ;

--
-- Volcado de datos para la tabla lote
--

INSERT INTO lote (Id_Lote, Nombre_Lote, Municipio_Lote) VALUES
(1, 'A', 1),
(2, 'B', 1),
(3, 'C', 1),
(4, 'D', 1),
(5, 'A', 2),
(6, 'B', 2),
(7, 'C', 2),
(8, 'D', 2),
(9, 'A', 4),
(10, 'B', 4),
(11, 'C', 4),
(12, 'D', 4);

-- --------------------------------------------------------

--
-- Estructura de tabla para la tabla municipios
--

CREATE TABLE municipios (
  Id_Municipio int NOT NULL,
  Nombre_Municipio varchar(100)  NOT NULL
) ;

--
-- Volcado de datos para la tabla municipios
--

INSERT INTO municipios (Id_Municipio, Nombre_Municipio) VALUES
(1, 'PUEBLO BELLO'),
(2, 'VALLEDUPAR'),
(3, 'SAN JUAN DEL CESAR'),
(4, 'LA PAZ'),
(5, 'AGUSTIN CODAZZI');

-- --------------------------------------------------------

--
-- Estructura de tabla para la tabla productores
--

CREATE TABLE productores (
  Cedula varchar(20) COLLATE utf8mb4_bin NOT NULL,
  Productor_Nombre varchar(100) COLLATE utf8mb4_bin NOT NULL
) ;

--
-- Volcado de datos para la tabla productores
--

INSERT INTO productores (Cedula, Productor_Nombre) VALUES
('1002033219', 'JOSE DE JESUS SUESCUN MERCADO'),
('1003314958', 'MARIA JOSE VARGAS BOHORQUEZ'),
('1007249688', 'ANGIE MARCELA CASTRO PUENTES'),
('1007287359', 'ATI ZARKEIWIN MESTRE IZQUIERDO'),
('1007345099', 'YEILIS ARDILA BACCA'),
('1007356305', 'ALBEIRO JOSE GARCIA'),
('1007429750', 'KEINER ARDILA BACCA'),
('1007870715', 'JUVENAL NIÑO TORRES'),
('1011085798', 'LORENZO CONCHAGUE'),
('1018406693', 'JORGE EDGAR PAEZ IZQUIERDO'),
('1050064756', 'ELISEO MOLINA'),
('1063590163', 'LUIS EMIRO BALMASEDA NAVARRO'),
('1063590291', 'OSWALDO HERNANDEZ'),
('1063590491', 'ALBA MIREYA IZQUIERDO SUAREZ'),
('1063590524', 'LUIS DANIEL TORRES IZQUIERDO'),
('1063594849', 'DAIRON RODRIGUEZ FLORES'),
('1063597066', 'DALILA MESTRE ALMANZA'),
('1063600021', 'ELIMELEC QUINTERO NAVARRO'),
('1064720618', 'LICETH PAOLA TAPIAS'),
('1065126392', 'LILIA MATILDE PERTUZ'),
('1065202388', 'VIVIANA VEGA'),
('1065204140', 'ESNEIDER GONZALEZ BUSTOS'),
('10652824875', 'WILLIAN PACHECO'),
('1065573622', 'PATRICIO GIL LOPERENA'),
('1065579648', 'SINDY PAOLA ARIAS'),
('1065585293', 'JOSE ALFREDO BOLAÑOS PACHECO'),
('1065588456', 'JOSE LUIS CARRILLO GUTIERREZ'),
('1065590877', 'GUSTAVO ENRIQUE CAÑIZARES'),
('1065596546', 'FABIO ANDRES CACERES MAESTRE'),
('1065615483', 'KAREN MARGARITA MENDOZA MAESTRE'),
('1065627048', 'NEFFER RAUL PARRA'),
('1065631138', 'ESMERALDA INES ARIAS'),
('1065641014', 'JOSE MOJICA GIL'),
('1065641041', 'JOSEFA DAZA GIL'),
('1065651153', 'JOSE OTONIEL GARCIA ARIAS'),
('1065662751', 'ANDER JOSE CARRILLO ARIAS'),
('1065821121', 'ANDREY MAURICIO CONTRERAS'),
('1065822629', 'PABLO ERNEY RODRIGUEZ NAVARRO'),
('1065824473', 'JHONATHAN GEOVANNY GUEVARA BERNAL'),
('1065854532', 'DEIVER ARMANDO DURAN MOLINA'),
('1066348101', 'YOINER SANGUINO OVILORIO'),
('1067714624', 'LUIS ALFONSO LOZANO JIMENEZ'),
('1067716636', 'MARISOLEDIS OVALLOS'),
('1067717203', 'JAIDER TARIFA CARDENAS'),
('1067718271', 'DANITZA ARDILA LOPEZ'),
('1067719838', 'OSNEIDER LOPEZ'),
('1067720285', 'SANDRA CARRASCAL ALTAMAR'),
('1067721824', 'JORGE LEONARDO PARRA'),
('1067721954', 'ELVER TARIFFA'),
('1067724859', 'DAINYS LOPEZ'),
('1067725591', 'SANTIAGO RODRIGUEZ'),
('1067726620', 'JILDER ALBERTO ACOSTA CORREA'),
('1067806488', 'YANERES ARDILA RIOS'),
('1067810485', 'LEYNER DUARTE HERNANDEZ'),
('1067810615', 'ISNEY PARRA CAÑIZARES '),
('1069468134', 'EUGENIO MANUEL VILLALBA RODRIGUEZ'),
('1102802054', 'ANDERSON ROMERO ANGARITA'),
('1110060601', 'ADRIANA MARCELA MORENO VILLAMIL'),
('1122396393', 'SEGUNDO ANTENOR VILLAZON MALO'),
('1122398998', 'ALVARO SEGUNDO VEGA IZQUIERDO'),
('1122406006', 'GUSTAVO ADOLFO VARGAS CARABALLO'),
('1122414391', 'LUIS CAMILO VILLAZON'),
('1133484971', 'DEINER SARABIA ABRIL'),
('1133569317', 'RAFAEL ARNOL TORRES VILLAFAÑA'),
('1133569368', 'DWANIWIKU ALVAREZ MARQUEZ'),
('1133569449', 'WILLIAN ELIAS MESTRE MARQUEZ'),
('1133569590', 'FLORENTINA RAMOS VILLAFAÑA'),
('1133569636', 'GLADYS ELENA TORRES IZQUIERDO'),
('1133569752', 'MARIA IRENE VILLAFAÑA SOLIS'),
('1133569848', 'ENEMIAS TORRES IZQUIERDO'),
('1133570051', 'ARELY TORRES NIÑO'),
('1133570229', 'MARIA FLORENCIA TARIFA ALVAREZ'),
('1133570275', 'MARIA INES IZQUIERDO CHAPARRO'),
('1133601610', 'SANTIAGO DINGULA GULABE'),
('1133601650', 'MARGARITA DINGULA GULABE'),
('1133601651', 'JOSE MANUEL MOJICA ALBERTO'),
('1133601654', 'SANTIAGO PANDELECHE DINGULA'),
('1133601839', 'ATANACIO MAMATAKAN'),
('1133601865', 'JOSE MOJICA ALBERTO'),
('1133601912', 'MARIANO MOJICA ALBERTO'),
('1133601913', 'MANUEL ALBERTO GIL'),
('1133601974', 'JOSE MARIA DAZA CHIMUSQUERO'),
('1134184017', 'ANDRES GIL MOJICA'),
('1148198437', 'CUPERTINO NIÑO NIÑO'),
('1148199754', 'MARIA ATYWISAY IZQUIERDO GARCIA'),
('11685064', 'ISAURO MADRIGAL DELGADO'),
('1192798587', 'JOSE LUIS MALO MOJICA'),
('1193187500', 'NELVIS TORRES MARQUEZ'),
('1193535129', 'ADALVES ARIAS'),
('1193594829', 'LAURA VANESA VARGAS CLAVIJO'),
('12116229', 'FRANCISCO VANEGAS'),
('1214465979', 'UCUAMACO NOLAVITA'),
('1214466435', 'JOSE MARIA DINGULA GIL'),
('1214466632', 'MAMECAN NIEVES MARTINEZ'),
('12435732', 'LUIS MANUEL RODRIGUEZ'),
('12436133', 'WILLIAN JAVIER MAESTRE GUTIERREZ'),
('12436979', 'JOSE ANTONIO CHIMUSQUERO SAUNA'),
('12488101', 'ANGEL MARIA GOMEZ GONZALES'),
('12490357', 'CONRADO DURAN'),
('12496035', 'JAMINTON LOPEZ GARCIA'),
('12546786', 'ELVER AGUSTIN ARIAS'),
('12553257', 'JESUS DEL CARMEN PACHECO'),
('12554043', 'HERMES PACHECO'),
('12645458', 'GIOVANNY DE JESUS BLANCHAR RODRIGUEZ'),
('12646219', 'JORGE ELIAS MARTINEZ DIAZ'),
('12646696', 'JOSE MOSCOTE GIL'),
('12646765', 'LUIS FERNANDO RIOS PACHECO'),
('12646961', 'HUGUES ALBERTO MAESTRE GUTIERREZ'),
('12712025', 'IVAN TELLES PERES'),
('12714911', 'ELIAS MEJIA GARAVITO'),
('12722066', 'NATANAEL TELLES PEREZ'),
('12724029', 'SAUL ENRIQUE BOLAÑO'),
('13120463', 'NEFTALI DURAN BOTELLO'),
('13167073', 'ORLANDO DURAN TORRES'),
('13168013', 'ELIECER RANGEL BECERRA'),
('13169113', 'JAIME NIÑO CONTRERAS'),
('13361640', 'JESUS ORLANDO ROJAS'),
('15170518', 'ALBEIRO TORRES CONTRERAS'),
('15170589', 'JUAN ACENCIO LIMACO'),
('15170705', 'EVER TORRES RUEDA'),
('15171514', 'SERGIO MARTINEZ'),
('15171936', 'VICENTE DINGULA ALIMACO'),
('15171949', 'JOSE FRANCISCO ALBERTO'),
('15172155', 'MANUEL CONCHACALA DINGULA'),
('15173551', 'WILFREDO MAESTRE MAESTRE'),
('1740012', 'JORGE ELIECER PIANETA SARABIA'),
('1767089', 'NICOLAS BAENA BETANCOURT'),
('1779776', 'ANTONIO JOSE MONTERO'),
('1782214', 'ANGEL JOSE IZQUIERDO'),
('1782236', 'PASCUAL JOSE HERNANDEZ BULLONES'),
('1782580', 'ISIDRO CHAPARRO TORRES'),
('1782622', 'JOSE GABRIEL MINDIOLA PACHECO'),
('1782639', 'LUIS FRANCISCO PEREZ TORRES'),
('18107606', 'PEDRO ANTONIO VALLEJO TORO'),
('18593582', 'JAIR ANTONIO RIVERA SANCHEZ'),
('18917381', 'JOSE CONTRERAS'),
('18924507', 'JORGE BAYONA VARGAS'),
('18930372', 'CARLOS HUMBERTO LEAL GUERRERO'),
('18930527', 'JOSE DEL CARMEN PORTILLO'),
('18931277', 'LUIS DANIEL AGUDELO FLOREZ'),
('18933916', 'PEDRO JULIO PALLARES ALDANA'),
('18934147', 'DAVID VARGAS PEREZ'),
('18934277', 'CIRO ANTONIO JAIME ACOSTA'),
('18935600', 'EFRAIN CASELLES GOMEZ'),
('18937999', 'REINEIRO PEREZ'),
('18938106', 'EIDELVER CELON RODRIGUEZ'),
('18938129', 'MOISES HERNANDEZ'),
('18938420', 'HERMES JIMENEZ DELGADO'),
('18938916', 'HEBER HUMBERTO CASTRO ANGARITA'),
('18939566', 'WILSON PALLARES'),
('18939784', 'JESUS MARIA PARRA'),
('18955547', 'JESUS OLIVER BURITICA CARVAJAL'),
('18955558', 'URIEL MONTEJO SARMIENTO'),
('18955559', 'EDEN MALDONADO ALVAREZ'),
('18956858', 'DANIEL AGUDELO AREVALO'),
('18957440', 'DAGOBERTO MARTINEZ PEREZ'),
('18957707', 'JHON JAIRO LEAL RAMIREZ'),
('18957862', 'EDIER CHINCHILLA CACERES'),
('18958506', 'BENJAMIN LOZANO'),
('18958599', 'JAMER MORALES SERENO'),
('18958625', 'EDUARD ALBERTO LEAL RAMIREZ'),
('18958652', 'STEVENSON RUIS GOMEZ'),
('18959003', 'FABIAN ALBERTO MALDONADO ALVAREZ'),
('18959058', 'GENIDES CAMELO OVALLE'),
('18959144', 'ISMAEL AREVALO CARDENAS'),
('18959641', 'JHON FREDDY FLORES FLORES'),
('18970098', 'IVAN ARTURO PEREZ'),
('18990114', 'LUIS SEGUNDO TORRES ZALABATA'),
('18990160', 'LUIS GUILLERMO RANGEL IZQUIERDO'),
('18990198', 'EPITACIO ALVAREZ MARQUEZ'),
('18990331', 'CORNELIO IZQUIERDO TORRES'),
('18990336', 'OSCAR JAVIER IZQUIERDO TORRES'),
('18990360', 'JAVIER BALLONA IZQUIERDO'),
('18990370', 'EMETERIO TORRES CRESPO'),
('18990435', 'ALEJANDRO MEJIA DUARTE'),
('18990498', 'VICENTE VILLAFAÑA ARROYO'),
('19476445', 'RAFAEL GREGORIO ZALABATA TORRES'),
('19582120', 'ANGEL FEDERICO TORRES'),
('19590010', 'VICTOR MANUEL ALONSO MIRANDA'),
('19602980', 'LUIS GABRIEL RAMIREZ CASTRO'),
('19645461', 'RICARDO GONZALEZ AMESQUITA'),
('1969182', 'ISMAEL LEON CARRASCAL'),
('24575057', 'MARLENYS ALVAREZ ZARATE'),
('24607117', 'MARELVIS NUÑES NIÑO'),
('26944847', 'MELVA ISOLINA ARIAS MONTERO'),
('26945097', 'ETELINDA MARIA MARTINEZ ARIAS'),
('26945406', 'TERESA MONTERO'),
('26945412', 'EVELIS AMPARO MAESTRE MAESTRE'),
('26950539', 'SOLFIDIA CORDOBA SARMIENTO'),
('26952642', 'LUZ MARINA REYES'),
('26952670', 'MIRIAM LAZARO QUINTERO'),
('26952705', 'LUZ ELENA IZQUIERDO ARAUJO'),
('26953187', 'TIRSA MERCEDES ARIAS DE IZQUIERDO'),
('26953514', 'SOL MARINA ALMANZA IZQUIERDO'),
('27008278', 'MARIA ELENA MEJIA ALBERTO'),
('2768014', 'JOSE ANTONIO MOSCOTE SAUNA'),
('27755654', 'BLANCA OLIVA RIZO DE SANCHEZ'),
('29133960', 'MARIA PERDOMO SEPULVEDA'),
('2983693', 'ARMANDO CARRILLO ALARCON'),
('3076694', 'JAIME MONTAÑO'),
('3091052', 'NELSON SANABRIA CASTILLO'),
('36456770', 'ROSALIA SANCHEZ VEGA'),
('36488938', 'LUZ MERY LOPEZ ZAPATA'),
('36489830', 'ROSALIA ESTHER CARRILLO'),
('36490795', 'ZULIFETH QUINTANA ABRIL'),
('36516505', 'AUDELINA CAÑIZARES'),
('36516898', 'RUBIELA MEJIA RIOS'),
('37180411', 'MIRIAM LEON FLOREZ'),
('38202783', 'LIDA MARIA TOQUICA BUITRAGO'),
('39489526', 'MARIA ANTONIA VERA VALERO'),
('42486400', 'MARIA MERY MONTES DE LEON'),
('42489652', 'INES BLASINA IZQUIERDO TORRES'),
('42490211', 'ALCIRA JUDITH IZQUIERDO TORRES'),
('42491361', 'LUZ ELENA IZQUIERDO TORRES'),
('45621518', 'MARIA YANETH VERGARA RAMIREZ'),
('49608930', 'LESBIA AMPARO MARTINEZ ARIAS'),
('49670887', 'YANIRY DURAN PEÑA'),
('49686882', 'DIOSELINA CAÑIZARES DE ROJAS'),
('49687680', 'GLORIA TARIFFA'),
('49687807', 'ADIELA MARIA SANCHEZ JAIMES'),
('49687952', 'ALIX MANZANO GUILLIN'),
('49689109', 'MIRIAM DEL SOCORRO GAFARO RIZO'),
('49689487', 'MIREYA PABON ASCANIO'),
('49690246', 'LUCELLYS ESCALANTE LOPEZ'),
('49690292', 'DORIS CARVAJAL DONADO'),
('49690994', 'RUTH ANGARITA ORTEGA'),
('49691100', 'AILEN GUTIERREZ MANZANO'),
('49691223', 'YUDIS BACCA NIÑO'),
('49692331', 'RIVEIRA CRUZ ROJAS'),
('49692430', 'LUZ ESTELA GALVIS LOZADA'),
('49693106', 'MARYOLI CORREA PEREZ'),
('49694844', 'JOSEFINA BULA'),
('49695874', 'CELINA GONZALEZ NAVARRO'),
('49697201', 'MARICEL ROMERO DURAN'),
('49698486', 'ANANÍN FLOREZ CARRILLO'),
('49698683', 'JACKELINE BAYONA'),
('49700060', 'KELY YULIETH HERNANDEZ LOZANO'),
('49700062', 'YULEIDIS BURITICA CARVAJAL'),
('49700586', 'ARELIS FLOREZ CARRILLO'),
('49728898', 'ROSA ISABEL GUTIERRES'),
('49736309', 'MARIBETH IZQUIERDO ARIAS'),
('49737009', 'ANA AGUSTINA TORRES ARROYO'),
('49737405', 'GRISELDA MARIA ARIAS MARTINEZ'),
('49740686', 'MARIA ELENA LOPEZ FLOREZ'),
('49747709', 'LIVIA ESTER TORRES'),
('49747762', 'MARIA LUISA NOLAVITA'),
('49747771', 'MARGARITA PINTO ALIMACO'),
('49755081', 'ANA MERCEDES ALVAREZ VELASQUEZ'),
('49764992', 'ANA DIVA RANGEL RANGEL'),
('49768617', 'ALICIA LIZCANO RISCALA'),
('49773699', 'FARIDE CLAVIJO RANGEL'),
('49780703', 'CARMEN MILDRETH LEON MONTES'),
('49782146', 'SOL MARINA QUIHAY TRIANA'),
('49783985', 'CATERINE MONTAÑO PINTO'),
('49786152', 'MARIBETH RANGEL CLAVIJO'),
('49790136', 'CELIDE MESTRE IZQUIERDO'),
('49796646', 'OMAIRA GARAY GOMEZ'),
('4980189', 'CARLOS DANIEL ESCOBAR PULIDO'),
('5000358', 'JOAQUIN ARTURO ZURIAGA TORRES'),
('5044484', 'RICARDO QUINTANA QUINTERO'),
('5134118', 'JUAN ANTONIO MAESTRE CARRILLO'),
('5134203', 'ORLANDO JOSE VILLAZON'),
('5134219', 'RAFAEL BENITO ARIAS OÑATE'),
('5134245', 'CRISTOBAL ESTRADA ARIAS'),
('5134316', 'RAFAEL ENRIQUE ARIAS'),
('5134330', 'JUAN BAUTISTA ARIAS'),
('5134415', 'JOSE GABRIEL ARIAS'),
('5134477', 'NOBIS JOSE ARIAS MONTERO'),
('5134530', 'JUVENCIO DE JESUS MONTERO ARIAS'),
('5134556', 'MARIO EZEQUIEL MAESTRE DAZA'),
('5134565', 'JOSUE DANIEL ARIAS ARIAS'),
('5134640', 'PEDRO MOJICA ALBERTO'),
('5134642', 'PEDRO JOSE DAZA GIL'),
('5134643', 'PEDRO LIMACO DINGULA'),
('5134709', 'ISAAC ARIAS MARTINEZ'),
('5134857', 'NEFER JULIAN ARIAS MAESTRE'),
('5134865', 'MARIO ANGEL CARRILLO ALVARADO'),
('5134886', 'CRISTOBAL ANTONIO MAESTRE MARTINEZ'),
('5134890', 'BETHOVEN ARIZA VILLAZON'),
('5134905', 'JOSE ISAIAS MONTAÑO'),
('5135200', 'LUIS ENRIQUE VILLAZON'),
('5139288', 'TORIBIO NIÑO PEREZ'),
('5139349', 'URIEL TORRES SUAREZ'),
('5139405', 'ONOFRE CLAVIJO TORRES'),
('5139410', 'ALFREDO RANGEL RANGEL'),
('5139685', 'AUGUSTO IZQUIERDO LUQUEZ'),
('5139702', 'PORFIRIO IZQUIERDO'),
('5139776', 'HUMBERTO MARCIAL NIÑO MEJIA'),
('5139871', 'CESAR ENRIQUE MONTERO MEJIA'),
('5139899', 'JOSE MARIA IZQUIERDO MEJIA'),
('5139956', 'JUAN ANTONIO IZQUIERDO CHAPARRO'),
('5139961', 'JOSE ALCIDES MESTRE ARIAS'),
('51610167', 'AURORA MARIA IZQUIERDO TORRES'),
('5164444', 'WILSON ENRIQUE VILLAZON'),
('5165618', 'SANTIAGO VILLAZON MOJICA'),
('5166272', 'ALIRIO DAZA MONTERO'),
('5166543', 'WILFRAN MANUEL DAZA MONTERO'),
('5166629', 'ELKIN MONTERO DIAZ'),
('5169109', 'VICTOR CAMILO MOJICA'),
('51871367', 'IBETH ELENA IZQUIERDO TORRES'),
('52434692', 'PAOLA ARIAS MARTINEZ'),
('52768161', 'SANDRA SANJUAN'),
('5329066', 'JORGE GUERRON ALVAREZ'),
('5416588', 'ERNESTO REMOLINA'),
('5443936', 'DIOGENES DE JESUS MALDONADO JAIMES'),
('5444025', 'ANGEL MARIA CORONEL PEREZ'),
('5553679', 'SEGUNDO SANTAMARIA PINZON'),
('56076191', 'ABELISA DEL CARMEN VILLAZON VILLAZON'),
('56078982', 'PAULINA GERTRUDIS MOJICA NIEVES'),
('56079034', 'LEIDA LAUDITH VEGA IZQUIERDO'),
('5812404', 'JULIO CESAR ROA MARTINEZ'),
('5947140', 'HECTOR TAFUR'),
('60413167', 'ALIDA PARADA'),
('6586751', 'JULIO CESAR MESTRE MENDOZA'),
('6676593', 'EVELIO CARDENAS PEÑA'),
('6708963', 'CECILIO CARDENAS RUIZ'),
('6791920', 'OTILIO RIOBO ANDRADE'),
('6793544', 'RAMON ANTONIO RODRIGUEZ'),
('6795350', 'NELSON PALLARES'),
('70101614', 'EUCARIS PEREZ OQUENDO'),
('7142697', 'KASO KAKU BUSINTANA MESTRE IZQUIERDO'),
('72230722', 'EIDER QUINTANA NAVARRO'),
('7570461', 'FELIX ENRIQUE FAJARDO LEON'),
('7571044', 'WILFRIDO MONTERO GUERRA'),
('7574429', 'JUAN JAVIER MAESTRE MARTINEZ'),
('7574775', 'EISER ARIAS'),
('7574904', 'JHONATAN DAVID CACERES'),
('7575058', 'JOSE ULFRIDO BARRAGAN BARRAGAN'),
('7595001', 'ARNULFO GUZMAN FONTALVO'),
('77006004', 'JEREMIAS TELLES SOLANO'),
('77006218', 'LINO MANCILLA SILVA'),
('77006517', 'ROBERTO IZQUIERDO TORRES'),
('77006969', 'JOSE DE DIOS FELIZZOLA ACOSTA'),
('77007140', 'CARLOS ENRIQUE ARIAS GIL'),
('77009391', 'ROSALINO RANGEL RANGEL'),
('77009818', 'FACUNDO GUTIERREZ'),
('77011227', 'HERMES ANTONIO MESTRE PINTO'),
('77012138', 'UBERNEL GALLEJO QUIROGA'),
('77015205', 'ABRAHAN DIAZ MAESTRE'),
('77015607', 'GILBERTO PACHECO IZQUIERDO'),
('77016494', 'JOSE LUIS IZQUIERDO TORRES'),
('77016929', 'ALCIDES ARIAS'),
('77017376', 'ANGEL MATIAS MAESTRE VILLAZON'),
('77017429', 'NIMIO VACA RANGEL'),
('77018994', 'NISER DE JESUS ARIAS'),
('77019406', 'OMAR ANTONIO PEREZ PEREZ'),
('77019664', 'GUSTAVO VARGAS PEREZ'),
('77020359', 'SCARLE OVALLE COTES'),
('77020922', 'ALDEMAR ALFONSO ESTRADA GUERRERO'),
('77021792', 'DAMIAN TORRES IZQUIERDO'),
('77022624', 'JUAN TORRES TORRES'),
('77023229', 'WILLIAM ARDILA'),
('77023623', 'FREDIS TORRES'),
('77023854', 'RUBEL ANGEL ARDILA'),
('77023985', 'FREDI ANTONIO ARAUJO PEÑALOZA'),
('77023986', 'EDGARDO RAFAEL ARAUJO PEÑALOZA'),
('77024101', 'EDINTH RANGEL RANGEL'),
('77024272', 'JULIO CESAR IZQUIERDO TORRES'),
('77024411', 'WALTER EVANGELISTA MAESTRE VILLAZON'),
('77025245', 'NORGEN DE JESUS ARIAS'),
('77025553', 'MARCOS ELIAS LEON MONTES'),
('77026333', 'JOSE GUEVARA MENESES'),
('77026733', 'LUIS EDUARDO ROBLES VILLAZON'),
('77028269', 'JOSE ANGEL SANJUAN'),
('77029775', 'LUIS GARCIA ARIAS'),
('77030305', 'NORGEN DE JESUS ARIAS RODRIGUEZ'),
('77031544', 'ELIECER VARGAS PÉREZ'),
('77031616', 'EDUIN JOSE MONTERO'),
('77032366', 'PABLO DE LA CRUZ ZAPATA'),
('77032989', 'FRANCISCO JIMENEZ QUINTANA'),
('77033410', 'DAMIN CLAVIJO RANGEL'),
('77034320', 'HEBERT SEGUNDO TORRES RAMOS'),
('77034531', 'NAHUM CLAVIJO RANGEL'),
('77034645', 'EPITACIO ANTONIO MESTRE'),
('77035224', 'JOSE CLEMENTE VASQUEZ OÑATE'),
('77035241', 'ROMILIO PEREZ'),
('77037589', 'SAUL ASCANIO'),
('77037610', 'LUIS GEINER DUARTE PALENCIA'),
('77038178', 'EVER ELIAS RODRIGUEZ NAVARRO'),
('77038218', 'GEOMAR GUEVARA MENESES'),
('77038551', 'DAVID AMAYA MONTAGU'),
('77039253', 'HUBER ALVEIRO GALLEJO'),
('77039299', 'NUMAR BUSTOS ALVARES'),
('77039689', 'MARCOS AURELIO RODRIGUEZ ORTIZ'),
('77070011', 'GEOVANNY ENRIQUE MARTINEZ BETIN'),
('77070058', 'JHON JAIRO CABALLERO BOLIVAR'),
('77070078', 'CASIMIRO VILLAFAÑA ARROYO'),
('77070123', 'LUIS ANDRES MESTRE RAMOS'),
('77070145', 'NORBERTO NIÑO SUAREZ'),
('77070206', 'JOSE LUIS VILLAZON ARIAS'),
('77070234', 'LEANDRO TOMAS IZQUIERDO MEJIA'),
('77070247', 'CARLOS VIRGILIO SUESCUM VILLAZON'),
('77080096', 'JOSE GREGORIO IZQUIERDO'),
('77080099', 'ARMANDO IZQUIERDO LUQUE'),
('77080204', 'EUDER OCTAVIO ZALABATA IZQUIERDO'),
('77080222', 'EURIPIDES MARQUEZ SUAREZ'),
('77090749', 'JOSE HUGUES MAESTRE MAESTRE'),
('77091749', 'JOSE JAIR QUINTANA VARGAS'),
('77092692', 'TOBIAS ALFONSO ARIAS ROMERO'),
('77093569', 'ANTONIO FRANCISCO TORRES'),
('77094563', 'OSMAR ENRIQUE PACHECO'),
('77095199', 'ALFER RENE ARIAS'),
('77095360', 'ELKIN SMITH ROBLES GUTIERREZ'),
('77146449', 'GEOVANNYS GUEVARA MENESES'),
('77146709', 'IVAN SALOMON ARIAS'),
('77146788', 'CAMILO ARROYO NIÑO'),
('77147003', 'MARTIN VACUNA DINGULA'),
('77147013', 'MIGUEL DINGULA GULAVE'),
('77147051', 'JOSE MARIA NIEVES LOPERENA'),
('77147067', 'JOSE DE LA CRUZ NIEVE'),
('77147129', 'JOSE DAVID DINGULA DAZA'),
('77147142', 'ESAUT ARIAS ROMERO'),
('77147143', 'JOSE MANUEL BARROS DINGULA'),
('77147145', 'PEDRO DAZA CACERES'),
('77147149', 'PEDRO CORONADO BARROS'),
('77147161', 'JOSE ANIBAL MINDIOLA MONTERO'),
('77147182', 'IGNACIO DINGULA CONCHACALA'),
('77147194', 'PEDRO DINGULA CONCHACALA'),
('77147195', 'JOSE ALIMACO DINGULA'),
('77147200', 'MILSON PACHECO MEJIA'),
('77150609', 'EDGAR ESTRADA MERCADO'),
('77150840', 'ENELIS CARVAJAL DONADO'),
('77151014', 'EVERST ALBERTO MORON PEÑALOZA'),
('77151466', 'LUIS ORLANDO ARENAS DURAN'),
('77151901', 'NELSON SALAS PORRAS'),
('77151956', 'DIOSEMEL GELVES ALVARES'),
('77152076', 'ALVARO ZEDAN MARIN'),
('77152154', 'BENJAMIN RODRIGUEZ DURAN'),
('77152952', 'LUIS DANIEL MOGOLLON'),
('77153042', 'LEONARDO RODRIGUEZ DURAN'),
('77153085', 'OSCAR ORLANDO LOZANO WILCHES'),
('77153155', 'GUSTAVO CAÑIZARES RIZO'),
('77153173', 'ANSELMO MIRANDA HERRERA'),
('77153534', 'FERNANDO JAVIER PAREDES DAZA'),
('77153653', 'BENJAMIN PABON DUARTE'),
('77153731', 'EUDES CLAVIJO QUINTERO'),
('77154434', 'RODOLFO HERNANDEZ'),
('77154684', 'EMEL CARRILLO GONZALEZ'),
('77155315', 'EDUAR ANTONIO LISCANO CARRILLO'),
('77155436', 'EMILIO VARGAS PEREZ'),
('77155612', 'OMAR ROMERO'),
('77155848', 'GEOVANY RAMIREZ LAMUS'),
('77156059', 'DIONEL FLORES CARRILLO'),
('77156710', 'RICARDO HERNANDEZ'),
('77156722', 'LUIS CESAR SANGUINO'),
('77157039', 'ADINAEL VACCA AREVALO'),
('77157164', 'JAIRO ALFONSO SAN JUAN OVALLOS'),
('77157430', 'JORGE ELIECER LOPEZ FRANCO'),
('77157800', 'RAFAEL BULA DE LA HOZ'),
('77157819', 'ELIECER VARGAS'),
('77157945', 'JANES FLOREZ CARRILLO'),
('77158157', 'ELVIS LOPEZ QUINTERO'),
('77158564', 'DIOS EMIRO BACCA AREVALO'),
('77158666', 'JOSE ELIAS LOPEZ MORALES'),
('77158678', 'HEINER BARBOSA RODRIGUEZ'),
('77159059', 'ROVEIRO RUIZ VALENCIA'),
('77159197', 'ALBEIRO FLOREZ CARRILLO'),
('77159497', 'ALBEIRO BACCA AREVALO'),
('77159634', 'DAVID ROMERO'),
('77159907', 'ALBEIRO RIOBO PALLARES'),
('77159943', 'JAIDER GUZMAN PERDOMO'),
('77159974', 'ALBEIRO CUBILLOS GAFARO'),
('77167094', 'ALEXIS YAMIL GUEVARA ERAZO'),
('77171307', 'YESID MINDIOLA CACERES'),
('77171530', 'HUBER MERCEDES ARIAS ROMERO'),
('77171531', 'ALBERTO ELIAS VILLAZON MONTERO'),
('77172604', 'EDILSON SUAREZ ZULUAGA'),
('77173744', 'ELIZ ROBERTO FUENTES PACHECO'),
('77174145', 'BELTRAN ALFONSO ARIAS'),
('77177810', 'FREDIS CONTRERAS MOLINA'),
('77181715', 'LUIS DAVID BECERRA MERCADO'),
('77184155', 'JAIME ZAPATA IZQUIERDO'),
('77185021', 'MARCOS GUILLERMO MARTINEZ MONTERO'),
('77186155', 'ISAID GUERRERO TORRES'),
('77187905', 'JOSE FERNEY FUENTES VARGAS'),
('77188709', 'NELSON POCHES RANGEL'),
('77190265', 'JUAN ANGEL ARIAS'),
('77191185', 'CESAR AUGUSTO TORRES RAMOS'),
('77191601', 'ALEXANDER CORDOBA GUITIERRES'),
('77195673', 'HEVER RANGEL CLAVIJO'),
('79331955', 'ALIRIO RODRIGUEZ RUBIO'),
('84080145', 'FRANCISCO JANDIGUA GIL'),
('84092230', 'DIOGENES SEGUNDO ARIAS ARIZA'),
('8412010', 'JESUS AIVER DURANGO PINEDA'),
('84454327', 'RAFAEL ENRRIQUE GUTIERREZ'),
('85167293', 'PEDRO SAMUEL SALCEDO SIERRA'),
('85431197', 'JOSE TRINIDAD VILLAFAÑE'),
('85440284', 'HELDER AMARIS BANDERA'),
('88281562', 'LUIS JOSE ASCANIO'),
('9270411', 'JOSE ALFREDO CERVANTES NAVARRO'),
('94316091', 'JOSE MANUEL FARELO CARVAJAL'),
('9691847', 'DEIZON MANOSALVA FLOREZ'),
('9735389', 'GERSON ANDRES OROZCO ALVAREZ'),
('9776026', 'LEONARDO OROZCO TORRES');

-- --------------------------------------------------------

--
-- Estructura de tabla para la tabla rol
--

CREATE TABLE rol (
  Id_Rol int NOT NULL,
  Nombre_Rol varchar(20)  NOT NULL
) ;

--
-- Volcado de datos para la tabla rol
--

INSERT INTO rol (Id_Rol, Nombre_Rol) VALUES
(1, 'Admin'),
(2, 'Recibo'),
(3, 'Analisista_Fisico'),
(4, 'Analista_Sensorial'),
(5, 'Liquidacion');

-- --------------------------------------------------------

--
-- Estructura de tabla para la tabla unidad_productiva
--

CREATE TABLE unidad_productiva (
  Codigo_Unidad_Productiva varchar(10) COLLATE utf8mb4_bin NOT NULL,
  Up_Nombre varchar(50) COLLATE utf8mb4_bin NOT NULL,
  Estatus VARCHAR(10) NOT NULL DEFAULT 'Estándar' CHECK(Estatus IN('Orgánico','T1','T2','T3','Estándar')),
  Cedula varchar(20) COLLATE utf8mb4_bin NOT NULL,
  Id_Municipio int NOT NULL,
  Id_Vereda int NOT NULL,
  Cosecha_Cafe int DEFAULT NULL,
  Cupo_Cafe int DEFAULT NULL,
  Cosecha_Cacao int DEFAULT NULL,
  Cupo_Cacao int DEFAULT NULL
) ;

--
-- Volcado de datos para la tabla unidad_productiva
--

INSERT INTO unidad_productiva (Codigo_Unidad_Productiva, Up_Nombre, Estatus, Cedula, Id_Municipio, Id_Vereda, Cosecha_Cafe, Cupo_Cafe, Cosecha_Cacao, Cupo_Cacao) VALUES
('ANT-02', 'BELLA VISTA', 'Orgánico', '6793544', 1, 4, 7, 8, 0, 0),
('ANT-12', 'LA MILENA', 'Orgánico', '77070247', 1, 4, 8, 9, 0, 0),
('AT-03', 'LOMA LINDA', 'Orgánico', '77171531', 2, 37, 2, 2, 0, 0),
('AT-04', 'TE MORDERAN LA LENGUA', 'Orgánico', '77007140', 2, 5, 700, 545, 0, 0),
('AT-06', 'SARDI', 'Orgánico', '12645458', 2, 5, 4, 4, 0, 0),
('AT-08', 'PANAMA', 'Orgánico', '26945097', 2, 5, 2, 2, 0, 0),
('AT-09', 'MOSQUITO MONO', 'Orgánico', '5134477', 2, 5, 1, 2, 0, 0),
('AT-10', 'VILLA GENESIS', 'Orgánico', '5134556', 2, 5, 4, 3, 0, 0),
('AT-11', 'DON JUANCHO', 'Orgánico', '5134330', 2, 5, 2, 934, 0, 0),
('AT-12', 'BELLAVISTA', 'Orgánico', '84092230', 2, 5, 5, 6, 0, 0),
('AT-14', 'LA MONTAÑA', 'Orgánico', '5134709', 2, 5, 4, 4, 0, 0),
('AT-17', 'BUENOS AIRES', 'Orgánico', '5134857', 2, 5, 3, 4, 0, 0),
('AT-18', 'LAS MARGARITAS', 'Orgánico', '5134245', 2, 5, 4, 4, 0, 0),
('AT-23', 'EL MANZANO', 'Orgánico', '77092692', 2, 5, 800, 365, 0, 0),
('AT-24', 'TOLCOROMA', 'Orgánico', '77017376', 2, 37, 900, 996, 0, 0),
('AT-25', 'LA VIDRIERA', 'Orgánico', '5134886', 2, 29, 1, 1, 0, 0),
('AT-27', 'RANCHO ALEGRE', 'Orgánico', '77030305', 2, 5, 3, 4, 0, 0),
('AT-28', 'ANTIOQUIA', 'Orgánico', '49737405', 2, 5, 900, 891, 0, 0),
('AT-30', 'LA MORENA', 'Orgánico', '7574904', 2, 5, 1, 1, 0, 0),
('AT-35', 'BRISAS MARINAS', 'Orgánico', '1065615483', 2, 25, 2, 2, 0, 0),
('AT-36', 'VILLA DALIANA', 'Orgánico', '5134890', 2, 5, 2, 900, 0, 0),
('ATCH-01', 'EL TESORO', 'Orgánico', '77173744', 2, 14, 1, 914, 0, 0),
('ATEP-02', 'ENTRA SI QUIERES', 'Orgánico', '5134865', 2, 25, 1, 1, 0, 0),
('ATG-01', 'LOS LIRIOS', 'Orgánico', '49608930', 2, 32, 900, 795, 0, 0),
('ATGD-01', 'NO VUELVO', 'Orgánico', '5134118', 2, 29, 400, 576, 0, 0),
('BE-02', 'AKUSABANA', 'Orgánico', '49736309', 1, 67, 2, 1, 0, 0),
('BE-04', 'ATINKUNUMEYNA', 'Orgánico', '5139961', 1, 67, 3, 2, 0, 0),
('BE-05', 'JINGAKA', 'Orgánico', '42489652', 1, 67, 1, 442, 0, 0),
('BER-01', 'MIRA FLORES', 'Orgánico', '77032989', 1, 7, 30, 35, 0, 0),
('BER-03', 'EL PARAISO', 'Orgánico', '85167293', 1, 7, 4, 2, 0, 0),
('BERC-01', 'NO SE SABE', 'Orgánico', '77023986', 1, 17, 8, 7, 0, 0),
('BWN-01', 'EL PELIGRO', 'Orgánico', '77070145', 1, 9, 3, 2, 0, 0),
('BWN-09', 'LA ESPERANZA', 'Orgánico', '1133569368', 1, 9, 6, 6, 0, 0),
('BWN-10', 'AZAREKUMEINA', 'Orgánico', '18990198', 1, 9, 1, 1, 0, 0),
('BWN-11', 'LA NEVADITA', 'Orgánico', '26952705', 1, 9, 1, 1, 0, 0),
('BWN-13', 'EL CORAZON', 'Orgánico', '5139349', 1, 9, 3, 3, 0, 0),
('CA2-02', 'COSTA RICA', 'Orgánico', '77185021', 1, 20, 5, 4, 900, 600),
('CA2-03', '5', 'Orgánico', '77070011', 1, 20, 10, 11, 0, 0),
('CAR-02', 'LAS NUBES', 'Orgánico', '77091749', 1, 13, 23, 18, 600, 600),
('CAR-03', 'EL TESORO', 'Orgánico', '77023854', 1, 13, 6, 5, 0, 0),
('CAR-04', 'LA ENRRAMADA', 'Orgánico', '2983693', 1, 13, 3, 2, 800, 1350),
('CAR-06', 'SINAI 2', 'Orgánico', '77019406', 1, 13, 7, 6, 450, 450),
('CAR-07', 'BUENA VISTA', 'Orgánico', '26952670', 1, 13, 28, 22, 300, 900),
('CH-01', 'JWIDEDI', 'Orgánico', '5139776', 1, 67, 3, 2, 0, 0),
('CH-02', 'NUEVA LIDIA', 'Orgánico', '1063590491', 1, 67, 3, 2, 0, 0),
('CH-03', 'CHIQUIMACHUKWA', 'Orgánico', '1063597066', 1, 67, 17, 13, 0, 0),
('CH-09', 'MEYROCHUKWA', 'Orgánico', '77080222', 1, 67, 700, 609, 0, 0),
('CH-10', 'NUEVO AMANECER', 'Orgánico', '26953514', 1, 67, 2, 2, 0, 0),
('CH-14', 'LA FLORIDA', 'Orgánico', '77080099', 1, 67, 3, 2, 0, 0),
('CHI-58', 'BUENOS AIRES', 'Orgánico', '5416588', 1, 17, 9, 9, 0, 0),
('CHUN-08', 'BUENOS AIRES', 'Orgánico', '77167094', 1, 55, 7, 9, 350, 800),
('CHUR-01', 'LA ESPERANZA', 'Orgánico', '49737009', 1, 27, 7, 6, 0, 0),
('CHUR-02', 'VISTA HERMOSA', 'Orgánico', '77038218', 1, 27, 6, 7, 0, 0),
('COS-02', 'LA CABAÑITA', 'Orgánico', '18593582', 1, 16, 4, 3, 0, 0),
('COST1-01', 'EL PROGRESO', 'Orgánico', '77017429', 1, 15, 5, 6, 0, 0),
('COST1-02', 'MIRA FLORES', 'Orgánico', '5044484', 1, 15, 29, 18, 0, 200),
('COST1-04', 'EL SALTO DE TEQUENDAMA', 'Orgánico', '77187905', 1, 15, 20, 20, 0, 0),
('COST1-05', 'MIRA SOL', 'Orgánico', '26950539', 1, 15, 10, 11, 0, 0),
('COST1-06', 'EL BRILLANTE', 'Orgánico', '37180411', 1, 15, 12, 10, 0, 0),
('CPL-06', 'NUEVA IDEA', 'Orgánico', '77070078', 1, 17, 1, 1, 700, 740),
('CPL-13', 'NUEVA ESPERANZA', 'Orgánico', '18924507', 1, 17, 10, 11, 0, 0),
('CPL-14', 'VILLA NELY', 'Orgánico', '1063590163', 1, 17, 5, 7, 0, 0),
('CPL-15', 'EL PROGRESO', 'Orgánico', '77023985', 1, 17, 8, 7, 0, 0),
('CPL-17', 'CHAPARRAL', 'Orgánico', '1003314958', 1, 17, 7, 7, 0, 0),
('CPL-18', 'PORTON ROJO', 'Orgánico', '1063594849', 1, 17, 7, 6, 0, 0),
('CPL-21', 'EL RECUERDO', 'Orgánico', '60413167', 1, 17, 0, 19, 0, 0),
('CPL-22', 'LA DIVISA', 'Orgánico', '1007870715', 1, 17, 6, 8, 0, 0),
('CPL-24', 'LA ESCONDIDA', 'Orgánico', '49783985', 1, 17, 11, 14, 0, 0),
('CPL-25', 'ANA YULIETH', 'Orgánico', '1065126392', 1, 17, 10, 10, 0, 0),
('CPL-26', 'LA VICTORIA', 'Orgánico', '1193594829', 1, 17, 8, 10, 0, 0),
('CPLA-01', 'LA VICTORIA', 'Orgánico', '77019664', 1, 17, 25, 32, 0, 0),
('CPLA-02', 'LAS MARGARITAS', 'Orgánico', '5444025', 1, 17, 5, 6, 0, 0),
('CPLA-03', 'EL CAMPITO', 'Orgánico', '77024101', 1, 17, 14, 20, 0, 0),
('CPLA-04', 'EL ESPEJO', 'Orgánico', '1007429750', 1, 17, 5, 7, 0, 0),
('CPLA-09', 'BELLO HORIZONTE', 'Orgánico', '77023229', 1, 17, 9, 8, 0, 0),
('CPLA-10', 'LOS TRES LEONES', 'Orgánico', '77025553', 1, 17, 19, 34, 0, 0),
('CPLA-11', 'MI FUTURO', 'Orgánico', '49780703', 1, 17, 8, 8, 0, 0),
('CPLA-13', 'EL ARAYAN', 'Orgánico', '13168013', 1, 17, 3, 3, 0, 0),
('CPLA-16', 'BELLA VISTA', 'Orgánico', '1740012', 1, 17, 0, 19, 0, 0),
('CPLA-27', 'SAN JOAQUIN', 'T1', '3091052', 1, 17, 11, 20, 0, 0),
('CPLA-28', 'LA ESPERANZA', 'Orgánico', '49786152', 1, 17, 6, 3, 0, 0),
('GT-01', 'OJOS DE AGUA', 'Orgánico', '5134316', 2, 31, 3, 2, 0, 0),
('JW-01', 'TIMISABANA', 'Orgánico', '1782214', 1, 67, 3, 3, 0, 0),
('JW-02', 'VILLA NELY', 'Orgánico', '7142697', 1, 67, 2, 2, 0, 0),
('JW-03', 'MISINGWA', 'Orgánico', '1782580', 1, 67, 2, 910, 0, 0),
('JW-07', 'MAKUGUI', 'Orgánico', '1133569590', 1, 67, 300, 41, 0, 0),
('JW-09', 'EL REFUGIO', 'Orgánico', '51610167', 1, 67, 3, 3, 0, 0),
('JW-25', 'LA FALDA', 'Orgánico', '42491361', 1, 67, 6, 4, 0, 0),
('JW-31', 'LOS PLACERES', 'Orgánico', '1133570275', 1, 67, 2, 2, 0, 0),
('JW-32', 'PALOMINO', 'Orgánico', '77080204', 1, 67, 3, 2, 0, 0),
('JW-33', 'LA ESTANCIA', 'Orgánico', '49790136', 1, 67, 2, 2, 0, 0),
('JW-39', 'LOS VENADOS', 'Orgánico', '1133569752', 1, 67, 6, 5, 0, 0),
('JW-47', 'EL OCASO', 'Orgánico', '1133569636', 1, 67, 0, 1, 0, 0),
('JW-52', 'UMINGUEKA', 'Orgánico', '77080096', 1, 67, 3, 3, 0, 0),
('JW-57', 'EL OTOÑO', 'Orgánico', '1133570051', 1, 67, 3, 2, 0, 0),
('JWA-01', 'SAN MARTIN', 'Orgánico', '19476445', 2, 19, 9, 10, 0, 0),
('JWA-02', 'KUNKUNAKU', 'Orgánico', '77021792', 2, 19, 2, 2, 0, 0),
('KA-01', 'LA UNICA ESPERANZA', 'Orgánico', '77022624', 1, 67, 5, 4, 0, 0),
('KA-02', 'PERLA ROJA', 'Orgánico', '18107606', 1, 67, 6, 4, 0, 0),
('KA-05', 'NORAVITA', 'Orgánico', '1782622', 1, 67, 5, 4, 0, 0),
('KA-06', 'SANTA FE', 'Orgánico', '5139871', 1, 67, 4, 3, 0, 0),
('KA-08', 'EL PALOMAR', 'Orgánico', '5139685', 1, 67, 0, 2, 0, 0),
('KA-09', 'MACINGA', 'Orgánico', '77024272', 1, 67, 7, 5, 0, 0),
('KA-25', 'SWINAY', 'Orgánico', '77015607', 1, 67, 1, 2, 0, 0),
('KA-38', 'SAN BARTOLO', 'Orgánico', '18990331', 1, 67, 5, 4, 0, 0),
('LF-05', 'BUENOS AIRES', 'Orgánico', '77070058', 1, 36, 6, 2, 105, 256),
('LF-09', 'EL PARAISO', 'Orgánico', '26952642', 1, 36, 3, 2, 0, 0),
('LF-13', 'LA FLORIDA', 'Orgánico', '6586751', 1, 36, 3, 5, 0, 0),
('LF-32', 'EL PALOMO', 'Orgánico', '1007287359', 1, 36, 1, 2, 0, 0),
('LF-33', 'LOS RECUERDOS', 'Orgánico', '18990336', 1, 36, 5, 6, 400, 400),
('LFA-23', 'EL ESPEJO', 'Orgánico', '77011227', 1, 4, 9, 6, 0, 0),
('LFA-37', 'EL BOSQUE', 'Orgánico', '42490211', 1, 4, 6, 6, 0, 0),
('LFA-53', 'NUEVA IDEA', 'Orgánico', '49740686', 1, 4, 7, 9, 100, 90),
('LFB-27', 'LA HERENCIA', 'Orgánico', '12116229', 1, 7, 11, 9, 0, 0),
('LFB-28', 'EL PORVENIR', 'Orgánico', '77186155', 1, 7, 11, 9, 0, 0),
('LFC-17', 'LA BENDICION', 'Orgánico', '77031544', 1, 17, 4, 6, 0, 0),
('LFC-24', 'LAS FLORES', 'Orgánico', '1007345099', 1, 17, 13, 13, 0, 0),
('LFC-29', 'EL DIAMANTICO', 'Orgánico', '77155436', 1, 17, 14, 13, 0, 0),
('LFC-36', 'MONTE REY', 'Orgánico', '1969182', 1, 17, 0, 20, 0, 0),
('LFC-39', 'EL HORIZONTE', 'Orgánico', '1122406006', 1, 17, 18, 21, 0, 0),
('LFC-42', 'SINAI', 'Orgánico', '77026333', 1, 17, 9, 6, 0, 0),
('LFC-45', 'LA ESPERANZA', 'Orgánico', '42486400', 1, 17, 13, 7, 0, 0),
('LFC-49', 'LAS MALVINAS', 'Orgánico', '7595001', 1, 17, 6, 7, 0, 0),
('LFR-15', 'LA BUENA SUERTE', 'Orgánico', '77146449', 1, 27, 13, 13, 0, 0),
('LFR-38', 'EL ESPEJO', 'Orgánico', '18934147', 1, 27, 9, 7, 0, 0),
('LFSY-40', 'LA HERENCIA', 'Orgánico', '77020922', 1, 8, 8, 7, 450, 840),
('LM-01', 'TUMACO', 'Orgánico', '12714911', 1, 67, 1, 1, 0, 0),
('LM-02', 'LA TRAVESIA', 'Orgánico', '1148199754', 1, 67, 3, 2, 0, 0),
('LM-03', 'CEBU', 'Orgánico', '85431197', 1, 67, 2, 893, 0, 0),
('LM-06', 'LA ISLA', 'Orgánico', '77070234', 1, 67, 7, 5, 0, 0),
('LM-07', 'LA MACANITA', 'Orgánico', '5139956', 1, 67, 4, 3, 0, 0),
('LM-08', 'SEYKOCHUKWA', 'Orgánico', '77026733', 1, 67, 1, 2, 0, 0),
('LM-10', 'EL PARAMO', 'Orgánico', '18990360', 1, 67, 3, 2, 0, 0),
('LPA-01', 'VELLA LEINIS', 'Orgánico', '77038178', 4, 45, 6, 5, 0, 0),
('LPA-04', 'EL DESCANSO', 'Orgánico', '49755081', 4, 45, 12, 13, 0, 0),
('LPA-05', 'LA FORTUNA', 'Orgánico', '15170518', 4, 45, 5, 6, 0, 0),
('LPA-07', 'DIOS VERA', 'Orgánico', '1065822629', 4, 45, 11, 11, 0, 0),
('LPA-08', 'EL RECUERDO', 'Orgánico', '77038551', 4, 45, 3, 3, 0, 0),
('LPA-09', 'LA ESTRELLA', 'Orgánico', '1067806488', 4, 45, 5, 5, 0, 0),
('LPA-10', 'MIRAFLOREZ', 'Orgánico', '77037589', 4, 45, 1, 1, 0, 0),
('LPA-11', 'VISTA HERMOSA', 'T1', '6676593', 4, 45, 6, 7, 0, 0),
('LPA-12', 'NN', 'T1', '1065821121', 4, 45, 0, 0, 0, 0),
('LPA-13', 'LA ESTRELLA', 'T1', '9691847', 4, 45, 6, 8, 0, 0),
('LPA-14', 'EL PARAISO', 'T1', '77039299', 4, 45, 7, 6, 0, 0),
('LPA-15', 'La Planada', 'T1', '19582120', 4, 45, 7, 6, 0, 0),
('LPA-16', 'DIOS VERA', 'T1', '15170705', 4, 45, 6, 8, 0, 0),
('LPA-17', 'El Placer', 'T1', '36516898', 4, 45, 2, 6, 0, 0),
('LPCP-01', 'LA VICTORIA 2', 'Orgánico', '45621518', 4, 10, 400, 927, 0, 0),
('LPCV-01', 'SAN MARTIN', 'Orgánico', '18970098', 4, 12, 7, 10, 0, 0),
('LPCV-03', 'VILLA LAUDI', 'Orgánico', '13120463', 4, 12, 6, 9, 0, 0),
('LPE-02', 'LA CELESTINA', 'Orgánico', '94316091', 4, 46, 5, 5, 1500, 2050),
('LPL-01', 'Villa Karol', 'T1', '13167073', 4, 39, 6, 5, 0, 0),
('LPL-02', 'Villa Karol', 'T1', '1065854532', 4, 39, 6, 6, 0, 0),
('LPL-03', 'BELLA VISTA', 'T1', '77037610', 4, 39, 3, 4, 0, 0),
('LPL-04', 'LA CASITA', 'T1', '1067810615', 4, 39, 5, 5, 0, 0),
('LPL-05', 'El Encanto', 'T1', '1065627048', 4, 39, 4, 5, 0, 0),
('LPL-06', 'La Rubia', 'T1', '36516505', 4, 39, 8, 11, 0, 0),
('LPL-07', 'Mi Finquita', 'T1', '1063590291', 4, 39, 2, 2, 0, 0),
('LPL-08', 'EL PROGRESO', 'T1', '77012138', 4, 39, 8, 8, 0, 0),
('LPL-09', 'Los Dos Potrillos', 'T1', '77039253', 4, 39, 0, 0, 0, 0),
('LPL-10', 'BUENOS AIRES', 'T1', '1067810485', 4, 39, 4, 7, 0, 0),
('LPM-01', 'EL JARDIN', 'Orgánico', '77035224', 4, 26, 2, 2, 700, 2152),
('LPQ-01', 'EL PORVENIR', 'T1', '12496035', 4, 42, 4, 4, 0, 0),
('MAC-04', 'LOS ESCONDIDO', 'Orgánico', '5166629', 3, 50, 2, 2, 100, 0),
('MAC-07', 'MONTE RUBIO', 'Orgánico', '5169109', 3, 50, 2, 2, 0, 0),
('MAC-14', 'EL PARAISO', 'Orgánico', '5166543', 3, 50, 3, 4, 0, 0),
('MAC-20', 'BELLAVISTA', 'Orgánico', '27008278', 3, 50, 3, 2, 50, 70),
('MAC-21', 'EL SEGUNDO', 'Orgánico', '1192798587', 3, 50, 7, 7, 200, 350),
('MAC-26', 'LA NEVERA', 'Orgánico', '5166272', 3, 50, 0, 5, 0, 0),
('MAC-39', 'EL CERRO', 'Orgánico', '1122414391', 3, 50, 505, 616, 0, 0),
('MAC-51', 'KILINTIKUA', 'Orgánico', '1011085798', 3, 50, 4, 4, 0, 0),
('MAC-52', 'EL ESCONDIDO', 'Orgánico', '84080145', 3, 50, 3, 3, 0, 0),
('MAC-53', 'LAS PINPINELAS', 'Orgánico', '5165618', 3, 50, 1, 1, 0, 0),
('MAC-56', 'LA CORWA', 'Orgánico', '56076191', 3, 50, 4, 4, 0, 0),
('MAC-64', 'EL LIMONCITO', 'Orgánico', '1122396393', 3, 50, 2, 2, 0, 0),
('MAC-69', 'CAÑABOLBA', 'Orgánico', '5164444', 3, 50, 4, 4, 0, 0),
('MAC-72', 'LA MONTAÑA', 'Orgánico', '56079034', 3, 50, 2, 2, 0, 0),
('MAC-76', 'LAS NUBES', 'Orgánico', '2768014', 3, 50, 3, 4, 0, 0),
('MAC-86', 'LA TRINIDAD', 'Orgánico', '1134184017', 3, 50, 3, 3, 0, 0),
('MAC-88', 'LAS MARINAS', 'Orgánico', '1122398998', 3, 50, 3, 4, 0, 0),
('MAC-89', 'KALASIMA', 'Orgánico', '84454327', 3, 50, 4, 4, 0, 0),
('MAC-91', 'NINGULURWA', 'Orgánico', '56078982', 3, 50, 3, 3, 0, 0),
('MAM-02', 'VILLA MIRIAM', 'Orgánico', '77146788', 1, 49, 0, 1, 0, 0),
('MAM-03', 'SAN LUIS', 'Orgánico', '4980189', 1, 49, 10, 9, 250, 270),
('MAM-06', 'ESPERANZA', 'Orgánico', '77034320', 1, 49, 3, 3, 1100, 1080),
('MAM-14', 'KEIRA', 'Orgánico', '18990498', 1, 49, 2, 3, 260, 300),
('MAM-19', 'EL EDEN', 'Orgánico', '77070123', 1, 49, 1, 1, 300, 350),
('MAM-22', 'LA RESERVA', 'Orgánico', '5000358', 1, 49, 6, 5, 0, 0),
('MAM-24', 'BELLA VISTA', 'Orgánico', '1063590524', 1, 49, 2, 2, 0, 0),
('MAM-25', 'SAN ISIDRO', 'Orgánico', '49782146', 1, 49, 1, 810, 0, 200),
('MAM-28', 'NUEVA IDEA', 'Orgánico', '18990435', 1, 49, 900, 803, 0, 0),
('MAM-29', 'SAN MARTIN', 'Orgánico', '77032366', 1, 49, 3, 3, 0, 0),
('MAM-30', 'LA ISLA', 'Orgánico', '1193187500', 1, 49, 5, 4, 800, 800),
('MAM-32', 'BRISAS DE SAN PEDRO', 'Orgánico', '5553679', 1, 49, 3, 3, 80, 160),
('MAM-33', 'MACONDO', 'Orgánico', '18990370', 1, 49, 2, 1, 100, 160),
('MAM-38', 'MI FUTURO', 'Orgánico', '1133569449', 1, 49, 1, 1, 200, 200),
('MAM-40', 'EL PANORAMA', 'Orgánico', '1133569317', 1, 49, 6, 5, 200, 400),
('MAM-49', 'CAMPO ALEGRE', 'Orgánico', '1782639', 1, 49, 2, 2, 300, 400),
('MAM-50', 'ZAREY', 'Orgánico', '77191185', 1, 49, 2, 2, 0, 0),
('MAMA-21', 'BELLA VISTA', 'Orgánico', '12646765', 1, 4, 16, 15, 0, 0),
('MO-01', 'ATY ZENEN', 'Orgánico', '77006517', 1, 67, 8, 8, 0, 0),
('MO-02', 'SANTA RITA', 'Orgánico', '77016494', 1, 67, 13, 10, 0, 0),
('MO-21', 'EL TESORO', 'Orgánico', '51871367', 1, 67, 2, 2, 0, 0),
('MO-23', 'CHUNAVI', 'Orgánico', '1018406693', 1, 67, 4, 3, 0, 0),
('NAB-16', 'BUNKWANEIWIA', 'Orgánico', '51871367', 1, 53, 380, 203, 0, 0),
('NB-01', 'LA ESPERANZA', 'Orgánico', '72230722', 1, 54, 7, 8, 0, 0),
('NB-02', 'LA CABAÑA', 'Orgánico', '1002033219', 1, 54, 8, 8, 0, 0),
('NH-04', 'VISTA HERMOSA', 'Orgánico', '1133570229', 1, 55, 6, 6, 0, 0),
('NH-05', 'LA ESTRELLA', 'Orgánico', '19602980', 1, 55, 8, 6, 0, 0),
('NH-06', 'LA ESPERANZA', 'Orgánico', '1063600021', 1, 55, 11, 7, 0, 0),
('NH-07', '66', 'T2', '7575058', 1, 55, 600, 718, 500, 800),
('PALM-01', 'BUENOS AIRES', 'Orgánico', '77195673', 1, 47, 9, 7, 0, 0),
('PALM-03', 'EL ESPEJO', 'Orgánico', '77181715', 1, 47, 13, 13, 0, 0),
('PALM-04', 'LA LUCHA', 'Orgánico', '77177810', 1, 47, 10, 10, 0, 0),
('PBLH-03', 'Puerto Colombia', 'Orgánico', '77009391', 1, 38, 6, 6, 0, 0),
('PBLH-04', 'SANTA FE', 'T1', '49764992', 1, 38, 8, 11, 0, 0),
('PBLH-05', 'LOS CEDROS', 'T1', '5139410', 1, 38, 10, 10, 0, 0),
('PL-01', 'MIAMI', 'Orgánico', '26953187', 1, 67, 2, 2, 0, 0),
('PL-02', 'NUEVA ESPERANZA', 'Orgánico', '77184155', 1, 67, 11, 11, 0, 0),
('PL-03', 'SEYKWIKUTA', 'Orgánico', '5139702', 1, 67, 2, 2, 0, 0),
('ROC-03', 'JERUSALEN', 'Orgánico', '1065824473', 1, 27, 5, 7, 0, 0),
('ROC-04', 'LAS MERCEDES', 'Orgánico', '77020359', 1, 27, 3, 5, 0, 0),
('ROC-05', 'LA DIVISA', 'Orgánico', '19590010', 1, 27, 8, 6, 0, 0),
('ROC-06', 'EL RETIRO', 'Orgánico', '38202783', 1, 27, 16, 17, 0, 0),
('SAB-02', 'LA CAÑAGUATERA', 'Orgánico', '12724029', 2, 56, 4, 6, 0, 0),
('SAB-03', 'LA ENVIDIA', 'Orgánico', '77093569', 2, 56, 3, 3, 0, 0),
('SAB-04', 'LA GRACIA DE DIOS', 'Orgánico', '77033410', 2, 56, 17, 15, 0, 0),
('SAB-06', 'NUEVA ESPERANZA', 'Orgánico', '77009818', 2, 56, 3, 2, 0, 0),
('SAB-07', 'EL DIVISO', 'Orgánico', '49670887', 2, 56, 11, 14, 0, 0),
('SAB-09', 'BUENAS AGUAS', 'Orgánico', '49768617', 2, 56, 4, 3, 500, 1600),
('SAB-10', 'VILLA NANCY', 'Orgánico', '49773699', 2, 56, 4, 4, 0, 0),
('SAB-11', 'EL ALTO', 'Orgánico', '77034531', 2, 56, 9, 9, 0, 0),
('SAB-12', 'ESTRELLA DE LA TARDE', 'Orgánico', '5139405', 2, 56, 7, 7, 0, 0),
('SAB-13', 'LA ESPERANZA', 'Orgánico', '77188709', 2, 56, 6, 7, 0, 0),
('SAJ-01', 'SURIVAQUITA', 'Orgánico', '77147182', 2, 58, 800, 504, 0, 0),
('SAJ-02', 'MONKAWA', 'Orgánico', '15172155', 2, 58, 700, 552, 0, 0),
('SAJ-03', 'KANUEZHI', 'Orgánico', '77147067', 2, 58, 500, 576, 0, 0),
('SAJ-04', 'LA ESPERANZA', 'Orgánico', '7571044', 2, 58, 0, 0, 0, 0),
('SAJ-05', 'SAN JOSE', 'Orgánico', '1133601610', 2, 58, 500, 360, 0, 0),
('SAJ-06', 'LA MISION', 'Orgánico', '77147149', 2, 58, 180, 144, 0, 0),
('SAJ-07', 'NOANAISHI', 'Orgánico', '77147051', 2, 58, 600, 480, 0, 0),
('SAJ-08', 'MAMANGEKA', 'Orgánico', '77147194', 2, 58, 600, 108, 0, 0),
('SAJ-09', 'PALMIRA', 'Orgánico', '1214465979', 2, 58, 800, 312, 0, 0),
('SAJ-11', 'KAMINTIKUA', 'Orgánico', '49747762', 2, 58, 700, 576, 0, 0),
('SAJ-12', 'MAHTULWA', 'Orgánico', '1214466632', 2, 58, 2, 2, 0, 0),
('SAJ-13', 'DUGUNAWI', 'Orgánico', '77147195', 2, 58, 2, 988, 0, 0),
('SAJ-14', 'MORANDWA', 'Orgánico', '49747771', 2, 58, 2, 1, 0, 0),
('SAJ-15', 'MOKUHI', 'Orgánico', '1133601654', 2, 58, 600, 192, 0, 0),
('SAJ-16', 'MAKURUMA', 'Orgánico', '12646696', 2, 58, 1, 864, 0, 0),
('SAJ-17', 'URUMITA', 'Orgánico', '15171936', 2, 58, 700, 252, 0, 0),
('SAJ-18', 'ULAGO', 'Orgánico', '15170589', 2, 58, 1, 115, 0, 0),
('SAJ-19', 'SAN JOSE', 'Orgánico', '77147013', 2, 58, 250, 48, 0, 0),
('SAJ-20', 'KAGUNDWE', 'Orgánico', '5134643', 2, 58, 700, 504, 0, 0),
('SAJ-21', 'GONGAKA', 'Orgánico', '77147143', 2, 58, 200, 230, 0, 0),
('SAJ-22', 'MIRA FLORES', 'Orgánico', '77147200', 2, 58, 7, 5, 0, 0),
('SAJ-23', 'MORILLO', 'Orgánico', '1133601651', 2, 58, 1, 554, 0, 0),
('SAJ-25', 'MUNDO NUEVO', 'Orgánico', '15171514', 2, 58, 800, 485, 0, 0),
('SAJ-26', 'KUNGUI', 'Orgánico', '1133601650', 2, 58, 400, 432, 0, 0),
('SAJ-27', 'DUNGAGA', 'Orgánico', '77147145', 2, 58, 800, 896, 0, 0),
('SAR-01', 'LA NEVADITA', 'Orgánico', '1133601839', 2, 61, 2, 1, 0, 0),
('SAR-02', 'SEIRANUKE', 'Orgánico', '1133601913', 2, 61, 800, 576, 0, 0),
('SAR-03', 'LAS NUBES', 'Orgánico', '1065641014', 2, 61, 1, 806, 0, 0),
('SAR-04', 'SAN JUAN', 'Orgánico', '12436979', 2, 61, 800, 635, 0, 0),
('SAR-05', 'LA MONTAÑA', 'Orgánico', '1133601865', 2, 61, 700, 720, 0, 0),
('SAR-06', 'MANDANA', 'Orgánico', '15171949', 2, 61, 0, 77, 0, 0),
('SAR-08', 'EL BARRANCO', 'Orgánico', '1133601912', 2, 61, 1, 720, 0, 0),
('SAR-09', 'GUNARWA', 'Orgánico', '77147129', 2, 61, 1, 720, 0, 0),
('SAR-10', 'PALOMINO', 'Orgánico', '5134642', 2, 61, 500, 360, 0, 0),
('SAR-14', 'BUENA VISTA', 'Orgánico', '77147142', 2, 61, 3, 2, 0, 0),
('SAR-16', 'LA MONTAÑA', 'Orgánico', '1214466435', 2, 61, 800, 576, 0, 0),
('SAR-17', 'SAN MIGUEL', 'Orgánico', '77147003', 2, 61, 600, 720, 0, 0),
('SAR-19', 'KAMINTIKUA', 'Orgánico', '77171307', 2, 61, 3, 2, 0, 0),
('SAR-20', 'COSTA ROJA', 'Orgánico', '77171530', 2, 61, 5, 5, 0, 0),
('SAR-22', 'LA GUACAMAYA', 'Orgánico', '5134640', 2, 61, 2, 2, 0, 0),
('SAR-23', 'FONSECA', 'Orgánico', '1065573622', 2, 61, 0, 602, 0, 0),
('SAR-24', 'SIKUNGUEKA', 'Orgánico', '1065641041', 2, 61, 400, 410, 0, 0),
('SAR-25', 'DUNARUA', 'Orgánico', '1133601974', 2, 61, 1, 720, 0, 0),
('SEY-12', 'LA NUEVA ESPERANZA', 'Orgánico', '1782236', 1, 8, 7, 6, 0, 0),
('SEY-18', 'LA REFORMA', 'Orgánico', '77034645', 1, 8, 9, 9, 200, 300),
('SEY-19', 'LA  ESPERANZA', 'Orgánico', '18990114', 1, 8, 7, 4, 0, 0),
('SEYA-05', 'EL JARDIN', 'Orgánico', '18990160', 1, 4, 9, 12, 0, 0),
('SK-01', 'LAS PAVAS', 'T2', '12435732', 1, 63, 700, 882, 20, 112),
('SP-01', 'EL JORDAN', 'Orgánico', '49700060', 5, 1, 3, 4, 0, 0),
('SP-03', 'MI TEROSO', 'Orgánico', '49796646', 5, 1, 2, 3, 0, 0),
('SP-104', 'Las Brisas', 'Orgánico', '9270411', 5, 1, 452, 709, 0, 0),
('SP-105', 'LOS CORAZONES', 'Orgánico', '1065204140', 5, 1, 3, 3, 0, 0),
('SP-24', 'SANTA RITA', 'Orgánico', '29133960', 5, 1, 4, 5, 0, 0),
('SP-25', 'ALEMANIA', 'Orgánico', '49687952', 5, 1, 6, 8, 0, 0),
('SP-27', 'EL TESORO', 'Orgánico', '79331955', 5, 1, 0, 6, 0, 0),
('SP-32', 'EL REGRESO', 'Orgánico', '77159059', 5, 1, 6, 5, 0, 0),
('SP-41', 'EL PROGRESO', 'Orgánico', '5329066', 5, 1, 5, 5, 0, 0),
('SP-43', 'EL EDEN', 'Orgánico', '77158157', 5, 1, 8, 6, 0, 0),
('SP-62', 'LAS QUEBRADITAS', 'Orgánico', '19645461', 5, 3, 6, 6, 0, 0),
('SPA-02', 'LOS MANANTIALES', 'Orgánico', '18958625', 5, 3, 12, 11, 0, 0),
('SPA-03', 'LOS RECUERDOS', 'Orgánico', '77159974', 5, 3, 3, 3, 0, 0),
('SPA-04', 'LA ESPERANZA', 'Orgánico', '49692331', 5, 3, 3, 2, 0, 0),
('SPA-100', 'LA FLORESTA', 'Orgánico', '18959144', 5, 3, 2, 2, 0, 0),
('SPA-50', 'VISTA ALEGRE', 'Orgánico', '24575057', 5, 3, 4, 5, 0, 0),
('SPA-51', 'GESAL', 'Orgánico', '9735389', 5, 3, 2, 2, 0, 0),
('SPA-55', 'BUENA VISTA', 'Orgánico', '77159907', 5, 3, 4, 3, 0, 0),
('SPA-66', 'EL COMIENZO', 'Orgánico', '6791920', 5, 3, 1, 3, 0, 0),
('SPA-76', 'LA ILUSION', 'Orgánico', '77150609', 5, 3, 6, 4, 0, 0),
('SPA-78', 'LA ESMERALDA', 'Orgánico', '49690292', 5, 3, 850, 635, 0, 0),
('SPA-87', 'EL MILAGRO', 'Orgánico', '5947140', 5, 3, 8, 7, 0, 0),
('SPA-90', 'LAS GUARUMERAS', 'Orgánico', '18935600', 5, 3, 2, 2, 0, 0),
('SPA-94', 'EL DIAMANTE', 'Orgánico', '12488101', 5, 3, 6, 4, 600, 800),
('SPA-98', 'BELLA VISTA', 'Orgánico', '9776026', 5, 3, 9, 9, 0, 0),
('SPA-99', 'LA ESPERANZA', 'Orgánico', '49698683', 5, 3, 3, 3, 0, 0),
('SPB-03', 'LA CABAÑA', 'Orgánico', '18938106', 5, 6, 14, 12, 500, 810),
('SPB-04', 'LOS GUANABANOS', 'T2', '1067719838', 5, 3, 5, 4, 5500, 5500),
('SPCF-01', 'LAS VIOLETAS', 'T3', '49690994', 5, 11, 5, 7, 0, 0),
('SPCF-02', 'LA PROSPERIDAD', 'T3', '1102802054', 5, 11, 3, 3, 0, 0),
('SPCF-04', 'EL PRINCIPIO', 'T3', '77155612', 5, 11, 6, 6, 0, 0),
('SPCF-07', 'BUENOS AIRES', 'T3', '18938129', 5, 11, 6, 5, 0, 0),
('SPCF-08', 'MANO DE DIOS', 'T3', '77159634', 5, 11, 7, 8, 0, 0),
('SPCF-09', 'EL PORVENIR', 'T3', '49697201', 5, 11, 5, 5, 0, 0),
('SPCF-13', 'MONTE FRESCO', 'T3', '77155848', 5, 11, 10, 12, 0, 0),
('SPCF-14', 'BUENA SUERTE', 'T3', '77156710', 5, 11, 7, 10, 0, 0),
('SPD-04', 'CASANARE', 'Orgánico', '77151014', 5, 35, 22, 21, 0, 0),
('SPD-05', 'EL PORVENIR', 'Orgánico', '18930527', 5, 35, 13, 14, 0, 0),
('SPD-14', 'NORMANDIA', 'Orgánico', '1007249688', 5, 35, 8, 10, 1800, 2880),
('SPD-18', 'EL TANGANAZO', 'Orgánico', '49692430', 5, 35, 4, 5, 0, 0),
('SPD-21', 'EL PROGRESO', 'Orgánico', '85440284', 5, 35, 4, 2, 0, 0),
('SPD-22', 'LA ESMERALDA', 'Orgánico', '49691100', 5, 35, 5, 3, 0, 0),
('SPD-23', 'LAS DALIAS', 'Orgánico', '8412010', 5, 35, 6, 6, 0, 0),
('SPD-27', 'LA REFORMA', 'Orgánico', '18938420', 5, 35, 18, 15, 0, 0),
('SPD-28', 'EL IDILIO', 'Orgánico', '77153534', 5, 35, 17, 12, 0, 0),
('SPD-29', 'BUENA VISTA', 'Orgánico', '77153534', 5, 35, 18, 18, 0, 0),
('SPD-30', 'FLORIDA 2', 'Orgánico', '1067717203', 5, 35, 11, 11, 0, 0),
('SPD-46', 'LA ESPERANZA', 'T3', '1050064756', 5, 35, 2, 2, 0, 0),
('SPF-04', 'VILLA ANTIOQUIA', 'Orgánico', '70101614', 5, 28, 900, 794, 0, 0),
('SPF-09', 'VILLA CAMPESTRE', 'Orgánico', '11685064', 5, 28, 6, 3, 180, 180),
('SPF-10', 'SAN MARTIN', 'Orgánico', '18934277', 5, 28, 10, 9, 0, 0),
('SPF-11', 'SAN MARTIN ARRIBA', 'Orgánico', '49689487', 5, 28, 7, 8, 0, 0),
('SPF-12', 'MONTE REY', 'T2', '77153653', 5, 28, 0, 0, 3200, 3510),
('SPF-13', 'LA ESPERANZA', 'T2', '1065202388', 5, 28, 0, 0, 500, 900),
('SPF-14', 'EL EDEN', 'T2', '70101614', 5, 28, 0, 0, 2800, 3060),
('SPF-15', 'LA ARGENTINA', 'T2', '77154434', 5, 28, 0, 0, 1600, 1700),
('SPF-16', 'LOS MANGUITOS', 'T2', '18917381', 5, 28, 1, 1, 2300, 2670),
('SPFC-01', 'LA BONITA', 'T3', '18937999', 5, 28, 0, 0, 1000, 1540),
('SPFC-02', 'EL DESCANSO', 'T3', '77157800', 5, 28, 9, 8, 780, 630),
('SPFC-03', 'LA CANDELARIA', 'T3', '77035241', 5, 28, 1, 1, 3100, 3500),
('SPG-02', 'LA MARIELA', 'Orgánico', '77153042', 5, 21, 9, 8, 2760, 2100),
('SPG-03', 'EL DIAMANTE', 'Orgánico', '18958599', 5, 21, 3, 3, 2760, 4000),
('SPG-04', 'LUCITANIA 2', 'T2', '1067721954', 5, 21, 0, 0, 1500, 900),
('SPG-05', 'ESCUELA GUAMAL ALTO', 'Orgánico', '77159943', 5, 21, 597, 330, 0, 0),
('SPG-06', 'EL  TRIUNFO', 'Orgánico', '49691223', 5, 21, 4, 4, 3000, 3230),
('SPG-07', 'LA ESPERANZA', 'Orgánico', '18958652', 5, 21, 4, 3, 3500, 2370),
('SPG-08', 'LA ESTRELLA', 'T2', '49694844', 5, 21, 1, 1, 5750, 5560),
('SPG-09', 'EL BANQUITO', 'T2', '1067724859', 5, 21, 460, 432, 552, 450),
('SPG-10', 'LUCITANIA 3', 'T2', '1067717203', 5, 21, 0, 0, 2944, 2340),
('SPGC-01', 'SANTA FE', 'T3', '1067718271', 5, 21, 4, 4, 1950, 2200),
('SPHC-02', 'EL LIMON', 'Orgánico', '77158666', 5, 33, 5, 3, 0, 0),
('SPHC-03', 'DIOS TE DE', 'Orgánico', '1133484971', 5, 33, 9, 9, 0, 0),
('SPHC-04', 'MI FUTURO', 'Orgánico', '1067720285', 5, 33, 4, 4, 0, 0),
('SPJ-05', 'EL JARDIN', 'Orgánico', '18939566', 5, 57, 9, 8, 0, 0),
('SPJ-06', 'LA MONTAÑITA', 'T3', '1007356305', 5, 57, 2, 3, 0, 0),
('SPJ-07', 'LA CENTRAL', 'T3', '1065590877', 5, 57, 8, 9, 0, 0),
('SPJ-08', 'LA ESTRELLA', 'T3', '18957440', 5, 57, 6, 5, 0, 0),
('SPJ-09', 'LA ESMERALDA', 'T2', '18938916', 5, 30, 0, 0, 2000, 1680),
('SPJAR-01', 'MIS RECUERDOS', 'Orgánico', '18959003', 5, 22, 2, 2, 0, 0),
('SPJAR-02', 'LA FRIA', 'Orgánico', '18955559', 5, 22, 8, 8, 0, 0),
('SPJAR-03', 'LOS PABELLONES', 'Orgánico', '36456770', 5, 22, 5, 5, 350, 350),
('SPJAR-04', 'LAS MARIAS', 'Orgánico', '5443936', 5, 22, 1, 1, 1500, 1400),
('SPJAR-05', 'EL RECUERDO', 'Orgánico', '18956858', 5, 22, 5, 5, 0, 0),
('SPJAR-06', 'LA ESCONDIDA', 'Orgánico', '18931277', 5, 22, 4, 3, 2900, 2170),
('SPJAR-07', 'LA ESMERALDA', 'Orgánico', '18955558', 5, 22, 10, 10, 1250, 840),
('SPJAR-08', 'EL PORVENIR', 'Orgánico', '77154684', 5, 22, 2, 2, 2050, 2030),
('SPJAR-09', 'EL JARDIN', 'Orgánico', '49695874', 5, 22, 5, 4, 400, 180),
('SPJAR-11', 'EL RECUERDO', 'Orgánico', '77153173', 5, 22, 9, 10, 900, 770),
('SPJAR-12', 'LAS FLORES', 'Orgánico', '77154684', 5, 22, 2, 2, 0, 0),
('SPLS-01', 'BRISAS DEL SICARARE', 'Orgánico', '18955547', 5, 43, 7, 7, 200, 80),
('SPLS-02', 'LOS ROBLES', 'Orgánico', '49700062', 5, 43, 4, 2, 0, 0),
('SPLS-03', 'VISTA HERMOSA', 'Orgánico', '18959641', 5, 43, 5, 4, 0, 0),
('SPLS-06', '7', 'Orgánico', '77150840', 5, 43, 4, 3, 0, 0),
('SPLSC-02', 'LA BENDICION', 'T3', '13169113', 5, 43, 5, 4, 1100, 900),
('SPM-20', 'TRES FILOS', 'Orgánico', '77153085', 5, 48, 12, 8, 0, 0),
('SPM-29', 'LA CANDELARIA', 'Orgánico', '18933916', 5, 48, 14, 15, 0, 0),
('SPM-33', 'LA ESMERALDA', 'Orgánico', '49689109', 5, 48, 5, 5, 0, 0),
('SPM-42', 'EL ENCUENTRO', 'Orgánico', '5812404', 5, 48, 6, 6, 0, 0),
('SPM-46', 'CASA DE TABLA', 'Orgánico', '12490357', 5, 48, 2, 2, 0, 0),
('SPM-48', 'ALTO DE LAS AGUILAS', 'Orgánico', '77151901', 5, 48, 18, 18, 0, 0),
('SPM-49', 'EL PROGRESO', 'Orgánico', '18933916', 5, 48, 3, 3, 0, 0),
('SPM-51', 'EL RECUERDO', 'Orgánico', '13361640', 5, 48, 23, 14, 0, 0),
('SPM-52', 'EL RECUERDO', 'Orgánico', '49686882', 5, 48, 23, 10, 0, 0),
('SPM-56', 'LAS DELICIAS', 'Orgánico', '18930372', 5, 48, 10, 11, 0, 0),
('SPM-57', 'LA ESPERANZA', 'Orgánico', '77153155', 5, 48, 22, 23, 0, 0),
('SPM-59', 'EL ORIENTE', 'Orgánico', '27755654', 5, 48, 10, 9, 0, 0),
('SPML-01', 'VISTA HERMOSA', 'T3', '77028269', 5, 23, 11, 12, 0, 0),
('SPML-02', 'BUENA VISTA', 'T3', '52768161', 5, 23, 6, 6, 0, 0),
('SPML-03', 'NUEVO AMANECER', 'T3', '77157164', 5, 23, 11, 12, 0, 0),
('SPML-04', 'BUENA VISTA', 'T3', '18957707', 5, 23, 4, 4, 0, 0),
('SPML-10', 'LA GLORIA', 'T3', '18939784', 5, 23, 27, 29, 0, 0),
('SPML-11', 'LA FAMA', 'T3', '77152076', 5, 23, 34, 31, 0, 0),
('SPML-12', 'LA GLORIA', 'T3', '1067721824', 5, 23, 12, 12, 0, 0),
('SPMS-01', 'CALARCA', 'Orgánico', '77155315', 5, 51, 10, 11, 1450, 1850),
('SPMS-02', 'LOS RECUERDOS', 'Orgánico', '77153731', 5, 51, 10, 10, 0, 0),
('SPMS-03', 'LA BETULIA', 'Orgánico', '18959058', 5, 51, 3, 4, 600, 700),
('SPMZ-44', 'LA LORENA', 'Orgánico', '36488938', 5, 68, 2, 1, 0, 0),
('SPSJ-100', 'Las Brisas', 'T1', '77157039', 5, 2, 6, 5, 0, 0),
('SPSJ-101', 'EL BANQUITO', 'T1', '88281562', 5, 21, 0, 0, 1300, 1350),
('SPSJ-102', 'MI FUTURO', 'T1', '77152952', 5, 21, 0, 0, 1950, 2360),
('SPSJ-103', 'LA ESCONDIDA', 'T1', '1066348101', 5, 21, 0, 0, 2700, 3240),
('SPSJ-104', 'Lucitania', 'T1', '49687680', 5, 21, 2, 2, 900, 880),
('SPSJ-105', 'Monte Carmelo', 'T1', '39489526', 5, 21, 8, 9, 9500, 8900),
('SPSJ-106', 'LOS LIRIOS', 'T1', '77159497', 5, 59, 5, 5, 0, 0),
('SPSJ-107', 'LA ESPERANZA', 'T1', '1064720618', 5, 59, 0, 494, 0, 0),
('SPSJ-108', 'Lizney', 'T1', '18958506', 5, 68, 8, 7, 0, 0),
('SPSJ-99', 'Los Jardines', 'T1', '77158564', 5, 2, 5, 5, 0, 0),
('SPSM-02', 'SANTA ROSA', 'Orgánico', '1110060601', 5, 59, 7, 6, 0, 0),
('SPSM-03', 'EL DESCANSO', 'Orgánico', '18957862', 5, 59, 6, 7, 0, 0),
('SPSM-60', 'LA FLORIDA', 'Orgánico', '1067716636', 5, 59, 7, 7, 0, 0),
('SPV-01', 'LA PRADERA', 'Orgánico', '1067726620', 5, 44, 3, 4, 0, 0),
('SPV-02', 'LAS FLORES', 'Orgánico', '1069468134', 5, 44, 4, 5, 0, 0),
('SPV-05', 'LAS FLORES', 'Orgánico', '77158678', 5, 44, 5, 5, 0, 0),
('SPV-07', 'LA PRIMAVERA', 'Orgánico', '77039689', 5, 44, 2, 2, 0, 0),
('SPV-09', 'BETEEL', 'Orgánico', '1767089', 5, 44, 2, 2, 0, 0),
('SPV-10', 'BARSOVIA', 'Orgánico', '49693106', 5, 44, 3, 1, 0, 0),
('SPV-13', 'LA BIENVENIDA', 'Orgánico', '77152154', 5, 44, 4, 4, 0, 0),
('SPV-14', 'LAS FLORES', 'Orgánico', '49687807', 5, 44, 4, 4, 0, 0),
('SPV-15', 'BIENVENIDA 2', 'T3', '1067725591', 5, 44, 2, 2, 0, 0),
('SPZ-01', 'BELLA VISTA', 'Orgánico', '77151956', 5, 68, 3, 3, 0, 0),
('SPZ-05', 'LOS GAVILANES', 'Orgánico', '77156059', 5, 68, 8, 6, 0, 0),
('SPZ-06', 'JERUSALEN', 'Orgánico', '3076694', 5, 68, 3, 3, 0, 0),
('SPZ-07', 'LA VILLA', 'Orgánico', '36489830', 5, 68, 7, 3, 0, 0),
('SPZ-08', 'CANAAN', 'Orgánico', '77157945', 5, 68, 1, 2, 0, 0),
('SPZ-09', 'LA PLANADAS', 'Orgánico', '77159197', 5, 68, 4, 5, 0, 0),
('SPZ-10', 'LA ESPERANZA', 'Orgánico', '49690246', 5, 68, 7, 7, 0, 0),
('SPZ-100', 'LA VILLA', 'Orgánico', '49700586', 5, 68, 0, 2, 0, 0),
('SPZ-14', 'CAMPO ZOCO', 'Orgánico', '77151466', 5, 68, 4, 4, 0, 0),
('SPZ-16', 'BUENA VISTA', 'Orgánico', '77157430', 5, 68, 2, 3, 0, 0),
('SPZ-17', 'LOS NARANJOS', 'Orgánico', '24607117', 5, 68, 3, 2, 0, 0),
('SPZ-18', 'SEILAN 3', 'Orgánico', '1067714624', 5, 68, 3, 3, 0, 0),
('SPZ-94', 'SEILAN 2', 'Orgánico', '1067714624', 5, 68, 4, 3, 0, 0),
('SPZ-95', 'LA PRIMAVERA', 'Orgánico', '77156722', 5, 68, 2, 2, 0, 0),
('SPZ-96', 'LA FORTALEZA', 'Orgánico', '49698486', 5, 68, 2, 4, 0, 0),
('SPZ-97', 'SANTA ANA', 'T3', '77157819', 5, 68, 5, 6, 0, 0),
('SPZ-98', 'LA ESMERALDA', 'T3', '1193535129', 5, 68, 5, 5, 0, 0),
('TN-01', 'EL ROSARIO', 'T3', '49728898', 2, 64, 11, 11, 0, 0),
('TN-02', 'LOS ROBLES', 'T3', '77095360', 2, 64, 9, 9, 0, 2000),
('TRA-01', 'TRANQUILANDIA', 'Orgánico', '7570461', 1, 66, 22, 20, 0, 0),
('VGCPL-06', 'SAN MIGUEL', 'Orgánico', '36490795', 1, 17, 14, 13, 0, 0),
('VGCPL-08', 'EL PALACIO DEL REY', 'Orgánico', '77172604', 1, 17, 8, 7, 0, 0),
('VGCPL-09', 'LA VICTORIA', 'Orgánico', '6708963', 1, 17, 13, 12, 0, 0),
('VLG-01', 'SANTA URSULA', 'Orgánico', '26945412', 2, 37, 1, 2, 0, 0),
('VLG-02', 'MONTES VERDE', 'Orgánico', '77015205', 2, 37, 1, 1, 0, 0),
('VLG-03', 'EL CATURRAL', 'Orgánico', '12646961', 2, 37, 2, 2, 0, 0),
('VLG-04', 'EL OLVIDO', 'Orgánico', '1065596546', 2, 37, 1, 1, 0, 0),
('VLG-05', 'EL CATURRAL', 'Orgánico', '77090749', 2, 37, 2, 2, 0, 0),
('VLG-06', 'BELLA VISTA', 'Orgánico', '12436133', 2, 37, 2, 3, 0, 0),
('VLG-07', 'LA MUKURA', 'Orgánico', '77024411', 2, 37, 2, 2, 0, 0),
('VLG-10', 'EL BAUL', 'Orgánico', '26944847', 2, 37, 400, 752, 0, 0),
('VLG-11', 'EL RESPALDO', 'Orgánico', '1065588456', 2, 37, 1, 1, 0, 0),
('VLG-13', 'UCRANIA', 'Orgánico', '26945406', 2, 37, 550, 487, 0, 0),
('VLG-14', 'LA ESTRELLA', 'Orgánico', '12646219', 2, 37, 750, 1, 0, 0),
('VLG-15', 'CIRILO', 'Orgánico', '7574429', 2, 37, 700, 1, 0, 0),
('VLM-01', 'LA MONTAÑA', 'Orgánico', '5134905', 2, 41, 350, 475, 0, 0),
('VLM-02', 'LA FRENTE', 'Orgánico', '5134565', 2, 41, 350, 432, 0, 0),
('VLM-03', 'ARGENTINA', 'Orgánico', '5134530', 2, 41, 1, 2, 0, 0),
('VP-01', 'EL TEQUENDAMA', 'Orgánico', '77006004', 2, 24, 2, 3, 1500, 1307),
('VP-02', 'EL REFLEJO', 'Orgánico', '12712025', 2, 24, 3, 7, 50, 0),
('VP-05', 'JERUSALEN', 'Orgánico', '77191601', 2, 24, 5, 8, 0, 0),
('VP-06', 'LA LUNA', 'Orgánico', '12722066', 2, 24, 4, 4, 0, 0),
('VP-07', 'EL PARAISO', 'Orgánico', '6795350', 2, 24, 5, 7, 0, 0),
('VP-08', 'EL MANANATIAL', 'Orgánico', '77006969', 2, 24, 6, 6, 0, 0),
('VP-09', 'VISTA HERMOSA', 'Orgánico', '5134219', 2, 24, 3, 4, 0, 0),
('VP-10', 'LA CABAÑA', 'Orgánico', '77006218', 2, 24, 3, 4, 0, 0),
('VPCH-03', 'BELLA VISTA', 'T1', '52434692', 2, 18, 0, 600, 0, 0),
('VPCH-04', 'Tairona', 'T1', '12553257', 2, 18, 2, 1, 0, 0),
('VPCH-05', 'No es de bulla', 'T1', '77094563', 2, 40, 3, 1, 0, 0),
('VPCH-06', 'La soledad', 'T1', '77174145', 2, 40, 3, 2, 0, 0),
('VPCH-07', 'Mi Solucion', 'T1', '1065662751', 2, 40, 3, 800, 0, 0),
('VPCH-08', 'LA MONTAÑA', 'T1', '77095199', 2, 40, 3, 1, 0, 0),
('VPCH-09', 'El Barcon', 'T1', '1065631138', 2, 40, 2, 750, 0, 0),
('VPCH-10', 'Las Brisas', 'T1', '12546786', 2, 40, 1, 970, 0, 0),
('VPCH-11', 'La Batalla', 'T1', '77070206', 2, 40, 2, 1, 0, 0),
('VPCH-12', 'Santarita', 'T1', '77147161', 2, 40, 3, 800, 0, 0),
('VPCH-13', 'SANMUCHIRIKE', 'T1', '1065651153', 2, 40, 4, 6, 250, 1200),
('VPCH-14', 'La Previa', 'T1', '49747709', 2, 40, 3, 2, 0, 0),
('VPCH-15', 'Ojo de Agua', 'T1', '77023623', 2, 40, 4, 3, 0, 0),
('VPCH-16', 'Medio Buelto', 'T1', '77018994', 2, 40, 3, 2, 0, 0),
('VPCH-17', 'Tierra buena', 'T1', '77146709', 2, 40, 3, 2, 0, 0),
('VPCH-18', 'Las miradas', 'T1', '77016929', 2, 41, 2, 1, 0, 0),
('VPCH-19', 'La salvación primera', 'T1', '10652824875', 2, 41, 2, 1, 0, 0),
('VPCH-20', 'El Jolon', 'T1', '77029775', 2, 41, 1, 1, 0, 0),
('VPCH-21', 'Villa Mari', 'T1', '1065579648', 2, 41, 4, 3, 0, 0),
('VPCH-22', 'Santo Tomas', 'T1', '7574775', 2, 41, 2, 500, 0, 0),
('VPCH-23', 'LA CASITA', 'T1', '77025245', 2, 41, 2, 1, 0, 0),
('VPCH-24', 'Getsemani', 'T1', '77190265', 2, 65, 2, 2, 0, 0),
('VPCH-25', 'LA GLORIA', 'T1', '5134415', 2, 65, 2, 0, 0, 0),
('VPGU-45', 'Si Dios quiere', 'T1', '5135200', 2, 34, 2, 1, 0, 0),
('VPGU-46', 'Agua Fria', 'T1', '5134203', 2, 34, 2, 2, 0, 0),
('VPGU-47', 'LA VICTORIA', 'T1', '1065585293', 2, 34, 1, 700, 0, 0),
('VPGU-48', 'Palmas de vino', 'T1', '12554043', 2, 52, 2, 924, 0, 0),
('VPGU-49', 'La Silveria', 'T1', '1779776', 2, 60, 3, 1, 0, 0),
('VPGU-50', 'MI SALVACIÓN', 'T1', '77018994', 2, 34, 2, 2, 0, 0),
('VPS-01', 'BUENA BRISA', 'Orgánico', '77031616', 2, 62, 1, 1, 0, 0),
('VPS-02', 'LOS ANGELES', 'Orgánico', '15173551', 2, 62, 1, 788, 0, 0),
('ZIG-05', 'MUNYACHAMA', 'Orgánico', '5139288', 1, 67, 2, 2, 0, 0),
('ZIG-06', 'BWRWACHEYNA', 'Orgánico', '1133569848', 1, 67, 3, 3, 0, 0),
('ZIG-08', 'EL DESCANSO', 'Orgánico', '5139899', 1, 67, 1, 1, 0, 0),
('ZIG-09', 'LAS NUBES', 'Orgánico', '1148198437', 1, 67, 3, 3, 0, 0);

-- --------------------------------------------------------

--
-- Estructura de tabla para la tabla usuarios
--

CREATE TABLE usuarios (
  Id_Usuario int NOT NULL,
  Nombre_Usuario varchar(20)  NOT NULL,
  Id_Rol int NOT NULL,
  Id_Municipio int NOT NULL
) ;

--
-- Volcado de datos para la tabla usuarios
--

INSERT INTO usuarios (Id_Usuario, Nombre_Usuario, Id_Rol, Id_Municipio) VALUES
(1, 'Andres Amaya', 1, 4),
(2, 'Recibo', 2, 1);

-- --------------------------------------------------------

--
-- Estructura de tabla para la tabla vereda
--

CREATE TABLE vereda (
  Id_Vereda int NOT NULL,
  Vereda_Nombre varchar(50) COLLATE utf8mb4_bin NOT NULL
) ;

--
-- Volcado de datos para la tabla vereda
--

INSERT INTO vereda (Id_Vereda, Vereda_Nombre) VALUES
(1, '7_DE_AGOSTO'),
(2, 'AGUA_BONITA'),
(3, 'ALTO_SICARARE'),
(4, 'ANTIGUOS'),
(5, 'ATANQUEZ'),
(6, 'BAJO_SICARARE'),
(7, 'BERLIN'),
(8, 'BUNSICHAMA'),
(9, 'BWNYWAGEKA'),
(10, 'CANO_DE_PADILLA'),
(11, 'CANO_FRIO'),
(12, 'CANO_LA_VELA'),
(13, 'CARACOLI'),
(14, 'CHINGAKA'),
(15, 'COSTA_RICA_1'),
(16, 'COSTA_RICA_2'),
(17, 'CUESTA_PLATA'),
(18, 'DIOSAGAKA'),
(19, 'DONACHUY'),
(20, 'EL_CAIRO_2'),
(21, 'EL_GUAMAL'),
(22, 'EL_JARDIN'),
(23, 'EL_MILAGRO'),
(24, 'EL_PALMAR'),
(25, 'EL_PELIGRO'),
(26, 'EL_PLACER'),
(27, 'EL_ROCAL'),
(28, 'FERNAMBUCO'),
(29, 'GRACIAS_A_DIOS'),
(30, 'GUARANI'),
(31, 'GUATAPURI'),
(32, 'GUINGUEKA'),
(33, 'HOYO_CALIENTE'),
(34, 'KAMINTUKUA'),
(35, 'LA_DUDA'),
(36, 'LA_FLORIDA'),
(37, 'LA_GLORIA'),
(38, 'LA_HONDA'),
(39, 'LA_LAGUNA'),
(40, 'LA_MAKANA'),
(41, 'LA_MONTANA'),
(42, 'LA_QUIEBRA'),
(43, 'LA_SONORA'),
(44, 'LAS_VEGAS'),
(45, 'LOS_ANDES'),
(46, 'LOS_ENCANTOS'),
(47, 'LOS_PALMITOS'),
(48, 'MAKENKAL'),
(49, 'MAMARWA'),
(50, 'MAROCASO'),
(51, 'MEDIO_SICARARE'),
(52, 'MUNDO_NUEVO'),
(53, 'NABUSIMAKE'),
(54, 'NUEVA_BELGICA'),
(55, 'NUEVO_HORIZONTE'),
(56, 'SABANITA'),
(57, 'SAN_JACINTO'),
(58, 'SAN_JOSE'),
(59, 'SAN_MIGUEL'),
(60, 'SANTA_MARTA'),
(61, 'SARACHUI'),
(62, 'SINCELEJOS'),
(63, 'SOMBREROKAWA'),
(64, 'TIERRAS_NUEVAS'),
(65, 'TORNOBAN'),
(66, 'TRANQUILIDAD'),
(67, 'YEWRWA'),
(68, 'ZORROCUCO');

--
-- Índices para tablas volcadas
--

--
-- Indices de la tabla lote
--
ALTER TABLE lote
  ADD PRIMARY KEY (Id_Lote),
  FOREIGN KEY (Municipio_Lote) REFERENCES municipios(Id_Municipio);

--
-- Indices de la tabla municipios
--
ALTER TABLE municipios
  ADD PRIMARY KEY (Id_Municipio);

--
-- Indices de la tabla productores
--
ALTER TABLE productores
  ADD PRIMARY KEY (Cedula);

--
-- Indices de la tabla rol
--
ALTER TABLE rol
  ADD PRIMARY KEY (Id_Rol);

--
-- Indices de la tabla unidad_productiva
--
ALTER TABLE unidad_productiva
  ADD PRIMARY KEY (Codigo_Unidad_Productiva),
  FOREIGN KEY (Id_Municipio) REFERENCES municipios (Id_Municipio),
  FOREIGN KEY (Id_Vereda) REFERENCES vereda (Id_Vereda),
  FOREIGN KEY (Cedula) REFERENCES productores (Cedula);

--
-- Indices de la tabla usuarios
--
ALTER TABLE usuarios
  ADD PRIMARY KEY (Id_Usuario),
  FOREIGN KEY (Id_Rol) REFERENCES rol (Id_Rol),
  FOREIGN KEY (Id_Municipio) REFERENCES municipios (Id_Municipio);

--
-- Indices de la tabla vereda
--
ALTER TABLE vereda
  ADD PRIMARY KEY (Id_Vereda);

--
-- AUTO_INCREMENT de las tablas volcadas
--

--
-- AUTO_INCREMENT de la tabla lote
--
ALTER TABLE lote
ALTER COLUMN Id_Lote int NOT NULL AUTO_INCREMENT, AUTO_INCREMENT=13;

--
-- AUTO_INCREMENT de la tabla municipios
--
ALTER TABLE municipios
ALTER COLUMN Id_Municipio int NOT NULL AUTO_INCREMENT, AUTO_INCREMENT=6;

--
-- AUTO_INCREMENT de la tabla rol
--
ALTER TABLE rol
ALTER COLUMN Id_Rol int NOT NULL AUTO_INCREMENT, AUTO_INCREMENT=6;

--
-- AUTO_INCREMENT de la tabla usuarios
--
ALTER TABLE usuarios
ALTER COLUMN Id_Usuario int NOT NULL AUTO_INCREMENT, AUTO_INCREMENT=3;

--
-- Restricciones para tablas volcadas
--

--
-- Filtros para la tabla lote
--
ALTER TABLE lote
  ADD CONSTRAINT lote_ibfk_1 FOREIGN KEY (Municipio_Lote) REFERENCES municipios (Id_Municipio) ON DELETE CASCADE ON UPDATE CASCADE;

--
-- Filtros para la tabla unidad_productiva
--
ALTER TABLE unidad_productiva
  ADD CONSTRAINT up_ceddula_relacion FOREIGN KEY (Cedula) REFERENCES productores (Cedula) ON DELETE CASCADE ON UPDATE CASCADE,
  ADD CONSTRAINT up_municipio_relacion FOREIGN KEY (Id_Municipio) REFERENCES municipios (Id_Municipio) ON DELETE CASCADE ON UPDATE CASCADE,
  ADD CONSTRAINT up_vereda_relacion FOREIGN KEY (Id_Vereda) REFERENCES vereda (Id_Vereda) ON DELETE CASCADE ON UPDATE CASCADE;

--
-- Filtros para la tabla usuarios
--
ALTER TABLE usuarios
  ADD CONSTRAINT usuarios_ibfk_1 FOREIGN KEY (Id_Rol) REFERENCES rol (Id_Rol) ON DELETE CASCADE ON UPDATE CASCADE,
  ADD CONSTRAINT usuarios_ibfk_2 FOREIGN KEY (Id_Municipio) REFERENCES municipios (Id_Municipio) ON DELETE CASCADE ON UPDATE CASCADE;
COMMIT;

/*!40101 SET CHARACTER_SET_CLIENT=@OLD_CHARACTER_SET_CLIENT */;
/*!40101 SET CHARACTER_SET_RESULTS=@OLD_CHARACTER_SET_RESULTS */;
/*!40101 SET COLLATION_CONNECTION=@OLD_COLLATION_CONNECTION */;
